,index,y
0,2015-01-01_1J7,7
40302,2015-01-02_1J7,29
80891,2015-01-03_1J7,14
121379,2015-01-04_1J7,7
161889,2015-01-05_1J7,50
202363,2015-01-06_1J7,35
242926,2015-01-07_1J7,36
283360,2015-01-08_1J7,35
323693,2015-01-09_1J7,33
364134,2015-01-10_1J7,13
404707,2015-01-11_1J7,9
445207,2015-01-12_1J7,35
485681,2015-01-13_1J7,29
526160,2015-01-14_1J7,42
566635,2015-01-15_1J7,28
607081,2015-01-16_1J7,39
647612,2015-01-17_1J7,18
687979,2015-01-18_1J7,24
728338,2015-01-19_1J7,37
768724,2015-01-20_1J7,26
809161,2015-01-21_1J7,26
849458,2015-01-22_1J7,29
889683,2015-01-23_1J7,28
930008,2015-01-24_1J7,10
970321,2015-01-25_1J7,22
1010627,2015-01-26_1J7,27
1051003,2015-01-27_1J7,39
1091359,2015-01-28_1J7,38
1131645,2015-01-29_1J7,29
1169325,2015-01-30_1J7,28
1206277,2015-01-31_1J7,12
3311,2015-02-01_1J7,10
43667,2015-02-02_1J7,31
84255,2015-02-03_1J7,33
124743,2015-02-04_1J7,28
165260,2015-02-05_1J7,41
205763,2015-02-06_1J7,39
246322,2015-02-07_1J7,16
286754,2015-02-08_1J7,13
327083,2015-02-09_1J7,36
367527,2015-02-10_1J7,32
408049,2015-02-11_1J7,37
448568,2015-02-12_1J7,41
489084,2015-02-13_1J7,35
529560,2015-02-14_1J7,18
570034,2015-02-15_1J7,18
610477,2015-02-16_1J7,46
651009,2015-02-17_1J7,44
691379,2015-02-18_1J7,37
731734,2015-02-19_1J7,36
772128,2015-02-20_1J7,30
812566,2015-02-21_1J7,5
852865,2015-02-22_1J7,16
893081,2015-02-23_1J7,32
933394,2015-02-24_1J7,35
973721,2015-02-25_1J7,37
1014030,2015-02-26_1J7,33
1054412,2015-02-27_1J7,30
1094765,2015-02-28_1J7,16
6719,2015-03-01_1J7,13
47076,2015-03-02_1J7,47
87661,2015-03-03_1J7,45
128146,2015-03-04_1J7,42
168664,2015-03-05_1J7,28
209153,2015-03-06_1J7,28
249717,2015-03-07_1J7,14
290148,2015-03-08_1J7,15
330488,2015-03-09_1J7,37
370929,2015-03-10_1J7,0
411449,2015-03-11_1J7,40
451966,2015-03-12_1J7,44
492475,2015-03-13_1J7,23
532960,2015-03-14_1J7,15
573434,2015-03-15_1J7,18
613880,2015-03-16_1J7,44
654406,2015-03-17_1J7,27
694777,2015-03-18_1J7,35
735132,2015-03-19_1J7,38
775518,2015-03-20_1J7,28
815957,2015-03-21_1J7,6
856265,2015-03-22_1J7,9
896487,2015-03-23_1J7,30
936793,2015-03-24_1J7,34
977115,2015-03-25_1J7,32
1017435,2015-03-26_1J7,38
1057810,2015-03-27_1J7,31
1098166,2015-03-28_1J7,8
1135881,2015-03-29_1J7,15
1172711,2015-03-30_1J7,38
1209672,2015-03-31_1J7,39
10129,2015-04-01_1J7,51
50485,2015-04-02_1J7,45
91064,2015-04-03_1J7,35
131544,2015-04-04_1J7,14
172060,2015-04-05_1J7,14
212542,2015-04-06_1J7,24
253109,2015-04-07_1J7,40
293544,2015-04-08_1J7,29
333879,2015-04-09_1J7,35
374319,2015-04-10_1J7,36
414846,2015-04-11_1J7,7
455357,2015-04-12_1J7,19
495857,2015-04-13_1J7,38
536334,2015-04-14_1J7,25
576822,2015-04-15_1J7,28
617284,2015-04-16_1J7,33
657793,2015-04-17_1J7,25
698127,2015-04-18_1J7,0
738484,2015-04-19_1J7,7
778863,2015-04-20_1J7,40
819228,2015-04-21_1J7,32
859467,2015-04-22_1J7,38
899827,2015-04-23_1J7,29
940148,2015-04-24_1J7,20
980470,2015-04-25_1J7,16
1020783,2015-04-26_1J7,27
1061161,2015-04-27_1J7,38
1101492,2015-04-28_1J7,41
1139209,2015-04-29_1J7,32
1176072,2015-04-30_1J7,36
53825,2015-05-02_1J7,11
94351,2015-05-03_1J7,19
134816,2015-05-04_1J7,36
175382,2015-05-05_1J7,34
215899,2015-05-06_1J7,39
256455,2015-05-07_1J7,33
296839,2015-05-08_1J7,0
337182,2015-05-09_1J7,5
377668,2015-05-10_1J7,20
418166,2015-05-11_1J7,37
458666,2015-05-12_1J7,27
499142,2015-05-13_1J7,39
539624,2015-05-14_1J7,7
580157,2015-05-15_1J7,14
661134,2015-05-17_1J7,11
701434,2015-05-18_1J7,24
741781,2015-05-19_1J7,43
782223,2015-05-20_1J7,38
822537,2015-05-21_1J7,27
862777,2015-05-22_1J7,29
903158,2015-05-23_1J7,0
983804,2015-05-25_1J7,18
1024098,2015-05-26_1J7,32
1064517,2015-05-27_1J7,36
1104814,2015-05-28_1J7,34
1142535,2015-05-29_1J7,29
1179427,2015-05-30_1J7,11
1213006,2015-05-31_1J7,11
16768,2015-06-01_1J7,36
57159,2015-06-02_1J7,30
97650,2015-06-03_1J7,26
138168,2015-06-04_1J7,34
178732,2015-06-05_1J7,18
219270,2015-06-06_1J7,9
259814,2015-06-07_1J7,21
300146,2015-06-08_1J7,39
340497,2015-06-09_1J7,47
381028,2015-06-10_1J7,32
421566,2015-06-11_1J7,22
462068,2015-06-12_1J7,30
502512,2015-06-13_1J7,15
542994,2015-06-14_1J7,10
583543,2015-06-15_1J7,39
624017,2015-06-16_1J7,27
60520,2015-07-02_1J7,0
101020,2015-07-03_1J7,37
141528,2015-07-04_1J7,13
182085,2015-07-05_1J7,23
222660,2015-07-06_1J7,43
263196,2015-07-07_1J7,39
303531,2015-07-08_1J7,27
343888,2015-07-09_1J7,37
384422,2015-07-10_1J7,25
424955,2015-07-11_1J7,0
465436,2015-07-12_1J7,14
505888,2015-07-13_1J7,9
546383,2015-07-14_1J7,13
586945,2015-07-15_1J7,33
627411,2015-07-16_1J7,33
667841,2015-07-17_1J7,31
708133,2015-07-18_1J7,12
748468,2015-07-19_1J7,20
788919,2015-07-20_1J7,36
829218,2015-07-21_1J7,32
869462,2015-07-22_1J7,33
909734,2015-07-23_1J7,36
950064,2015-07-24_1J7,32
990425,2015-07-25_1J7,14
1030724,2015-07-26_1J7,13
1071107,2015-07-27_1J7,48
1111397,2015-07-28_1J7,23
1149138,2015-07-29_1J7,33
1186015,2015-07-30_1J7,33
1216406,2015-07-31_1J7,26
23377,2015-08-01_1J7,10
63923,2015-08-02_1J7,5
104420,2015-08-03_1J7,39
144930,2015-08-04_1J7,26
185496,2015-08-05_1J7,17
226071,2015-08-06_1J7,39
266587,2015-08-07_1J7,25
306925,2015-08-08_1J7,10
347290,2015-08-09_1J7,5
387822,2015-08-10_1J7,31
428349,2015-08-11_1J7,24
468825,2015-08-12_1J7,26
509289,2015-08-13_1J7,25
549765,2015-08-14_1J7,21
590280,2015-08-15_1J7,0
630707,2015-08-16_1J7,15
671135,2015-08-17_1J7,23
711447,2015-08-18_1J7,25
751789,2015-08-19_1J7,22
792225,2015-08-20_1J7,26
832522,2015-08-21_1J7,15
872765,2015-08-22_1J7,6
913019,2015-08-23_1J7,17
953349,2015-08-24_1J7,41
993707,2015-08-25_1J7,25
1034022,2015-08-26_1J7,23
1074400,2015-08-27_1J7,36
1114698,2015-08-28_1J7,31
1152436,2015-08-29_1J7,7
1189313,2015-08-30_1J7,13
1219699,2015-08-31_1J7,31
26681,2015-09-01_1J7,37
67223,2015-09-02_1J7,50
107729,2015-09-03_1J7,53
148229,2015-09-04_1J7,46
188796,2015-09-05_1J7,6
229371,2015-09-06_1J7,16
269872,2015-09-07_1J7,48
310230,2015-09-08_1J7,44
350592,2015-09-09_1J7,40
391128,2015-09-10_1J7,52
431647,2015-09-11_1J7,32
472111,2015-09-12_1J7,19
512577,2015-09-13_1J7,21
553055,2015-09-14_1J7,60
593561,2015-09-15_1J7,42
634022,2015-09-16_1J7,30
674450,2015-09-17_1J7,36
714778,2015-09-18_1J7,37
755141,2015-09-19_1J7,10
795570,2015-09-20_1J7,24
835886,2015-09-21_1J7,52
876146,2015-09-22_1J7,51
916422,2015-09-23_1J7,46
956751,2015-09-24_1J7,52
997105,2015-09-25_1J7,40
1037426,2015-09-26_1J7,0
1077809,2015-09-27_1J7,18
1118118,2015-09-28_1J7,39
1155850,2015-09-29_1J7,33
1192731,2015-09-30_1J7,36
30106,2015-10-01_1J7,40
70650,2015-10-02_1J7,24
111157,2015-10-03_1J7,10
151653,2015-10-04_1J7,23
192219,2015-10-05_1J7,45
232796,2015-10-06_1J7,41
273305,2015-10-07_1J7,42
313656,2015-10-08_1J7,16
354004,2015-10-09_1J7,23
394549,2015-10-10_1J7,14
435059,2015-10-11_1J7,13
475517,2015-10-12_1J7,46
515997,2015-10-13_1J7,38
556483,2015-10-14_1J7,41
596983,2015-10-15_1J7,33
637450,2015-10-16_1J7,42
677874,2015-10-17_1J7,6
718187,2015-10-18_1J7,17
758539,2015-10-19_1J7,44
798989,2015-10-20_1J7,32
839310,2015-10-21_1J7,32
879551,2015-10-22_1J7,36
919831,2015-10-23_1J7,27
960172,2015-10-24_1J7,5
1000517,2015-10-25_1J7,18
1040845,2015-10-26_1J7,45
1081230,2015-10-27_1J7,40
1121543,2015-10-28_1J7,24
1159264,2015-10-29_1J7,31
1196143,2015-10-30_1J7,36
1223128,2015-10-31_1J7,14
33520,2015-11-01_1J7,28
74073,2015-11-02_1J7,60
114572,2015-11-03_1J7,42
155071,2015-11-04_1J7,47
195646,2015-11-05_1J7,40
236215,2015-11-06_1J7,25
276716,2015-11-07_1J7,9
317076,2015-11-08_1J7,26
357412,2015-11-09_1J7,44
397961,2015-11-10_1J7,47
438470,2015-11-11_1J7,6
478942,2015-11-12_1J7,33
519414,2015-11-13_1J7,42
559907,2015-11-14_1J7,11
600385,2015-11-15_1J7,21
640865,2015-11-16_1J7,45
681274,2015-11-17_1J7,41
721591,2015-11-18_1J7,39
761953,2015-11-19_1J7,40
802391,2015-11-20_1J7,40
842714,2015-11-21_1J7,7
882962,2015-11-22_1J7,21
923231,2015-11-23_1J7,36
963563,2015-11-24_1J7,56
1003920,2015-11-25_1J7,51
1044258,2015-11-26_1J7,40
1084633,2015-11-27_1J7,23
1124924,2015-11-28_1J7,0
1162671,2015-11-29_1J7,5
1199538,2015-11-30_1J7,47
36894,2015-12-01_1J7,31
77482,2015-12-02_1J7,40
117969,2015-12-03_1J7,35
158484,2015-12-04_1J7,31
199058,2015-12-05_1J7,10
239620,2015-12-06_1J7,23
280107,2015-12-07_1J7,52
320467,2015-12-08_1J7,35
360823,2015-12-09_1J7,50
401362,2015-12-10_1J7,50
441861,2015-12-11_1J7,36
482333,2015-12-12_1J7,18
522807,2015-12-13_1J7,20
563309,2015-12-14_1J7,58
603780,2015-12-15_1J7,37
644282,2015-12-16_1J7,39
684676,2015-12-17_1J7,40
724990,2015-12-18_1J7,30
765351,2015-12-19_1J7,17
805791,2015-12-20_1J7,0
846112,2015-12-21_1J7,43
886359,2015-12-22_1J7,39
926647,2015-12-23_1J7,33
966971,2015-12-24_1J7,21
1007324,2015-12-25_1J7,7
1047661,2015-12-26_1J7,23
1088031,2015-12-27_1J7,24
1128321,2015-12-28_1J7,31
1166007,2015-12-29_1J7,40
1202918,2015-12-30_1J7,37
1226518,2015-12-31_1J7,13
423,2016-01-01_1J7,6
40728,2016-01-02_1J7,26
81318,2016-01-03_1J7,17
121805,2016-01-04_1J7,70
162316,2016-01-05_1J7,45
202790,2016-01-06_1J7,58
243353,2016-01-07_1J7,45
283787,2016-01-08_1J7,47
324119,2016-01-09_1J7,20
364558,2016-01-10_1J7,25
405107,2016-01-11_1J7,47
445634,2016-01-12_1J7,42
486108,2016-01-13_1J7,40
526587,2016-01-14_1J7,54
567062,2016-01-15_1J7,51
607508,2016-01-16_1J7,10
648035,2016-01-17_1J7,21
688401,2016-01-18_1J7,59
728764,2016-01-19_1J7,29
769150,2016-01-20_1J7,54
809587,2016-01-21_1J7,64
849885,2016-01-22_1J7,54
890110,2016-01-23_1J7,22
930430,2016-01-24_1J7,23
970742,2016-01-25_1J7,83
1011055,2016-01-26_1J7,61
1051431,2016-01-27_1J7,67
1091787,2016-01-28_1J7,66
1132073,2016-01-29_1J7,63
1169753,2016-01-30_1J7,20
1206704,2016-01-31_1J7,34
3737,2016-02-01_1J7,63
44095,2016-02-02_1J7,71
84683,2016-02-03_1J7,58
125171,2016-02-04_1J7,68
165688,2016-02-05_1J7,59
206191,2016-02-06_1J7,17
246743,2016-02-07_1J7,25
287173,2016-02-08_1J7,76
327511,2016-02-09_1J7,53
367955,2016-02-10_1J7,75
408477,2016-02-11_1J7,71
448996,2016-02-12_1J7,58
489512,2016-02-13_1J7,23
529986,2016-02-14_1J7,21
570454,2016-02-15_1J7,71
610905,2016-02-16_1J7,53
651436,2016-02-17_1J7,65
691806,2016-02-18_1J7,63
732161,2016-02-19_1J7,53
772555,2016-02-20_1J7,27
812990,2016-02-21_1J7,27
853287,2016-02-22_1J7,68
893508,2016-02-23_1J7,64
933821,2016-02-24_1J7,66
974148,2016-02-25_1J7,55
1014457,2016-02-26_1J7,53
1054839,2016-02-27_1J7,24
1095191,2016-02-28_1J7,26
1135042,2016-02-29_1J7,72
7142,2016-03-01_1J7,82
47503,2016-03-02_1J7,68
88088,2016-03-03_1J7,73
128572,2016-03-04_1J7,68
169091,2016-03-05_1J7,29
209580,2016-03-06_1J7,26
250143,2016-03-07_1J7,67
290572,2016-03-08_1J7,59
371353,2016-03-10_1J7,62
411876,2016-03-11_1J7,62
452393,2016-03-12_1J7,0
492902,2016-03-13_1J7,14
533387,2016-03-14_1J7,63
573857,2016-03-15_1J7,66
614308,2016-03-16_1J7,72
654834,2016-03-17_1J7,70
695205,2016-03-18_1J7,71
735560,2016-03-19_1J7,0
775943,2016-03-20_1J7,22
816326,2016-03-21_1J7,78
856611,2016-03-22_1J7,66
896892,2016-03-23_1J7,63
937221,2016-03-24_1J7,72
977543,2016-03-25_1J7,55
1017863,2016-03-26_1J7,6
1098590,2016-03-28_1J7,32
1136308,2016-03-29_1J7,81
1173139,2016-03-30_1J7,70
10557,2016-04-01_1J7,64
50913,2016-04-02_1J7,10
91492,2016-04-03_1J7,15
131967,2016-04-04_1J7,77
172484,2016-04-05_1J7,61
212966,2016-04-06_1J7,72
253537,2016-04-07_1J7,70
293972,2016-04-08_1J7,74
334306,2016-04-09_1J7,18
374746,2016-04-10_1J7,35
415271,2016-04-11_1J7,89
455781,2016-04-12_1J7,58
496284,2016-04-13_1J7,77
536761,2016-04-14_1J7,60
577249,2016-04-15_1J7,60
617711,2016-04-16_1J7,0
658220,2016-04-17_1J7,9
698550,2016-04-18_1J7,88
738906,2016-04-19_1J7,75
779290,2016-04-20_1J7,82
819655,2016-04-21_1J7,79
859893,2016-04-22_1J7,81
900254,2016-04-23_1J7,15
940574,2016-04-24_1J7,33
980895,2016-04-25_1J7,82
1061588,2016-04-27_1J7,30
1101919,2016-04-28_1J7,37
1139636,2016-04-29_1J7,61
1176499,2016-04-30_1J7,8
13884,2016-05-01_1J7,19
54249,2016-05-02_1J7,91
94774,2016-05-03_1J7,78
135243,2016-05-04_1J7,74
175809,2016-05-05_1J7,10
216326,2016-05-06_1J7,42
297263,2016-05-08_1J7,20
337607,2016-05-09_1J7,79
378091,2016-05-10_1J7,43
418594,2016-05-11_1J7,82
459094,2016-05-12_1J7,73
499570,2016-05-13_1J7,72
540051,2016-05-14_1J7,14
580584,2016-05-15_1J7,29
621049,2016-05-16_1J7,25
661561,2016-05-17_1J7,68
782651,2016-05-20_1J7,25
822965,2016-05-21_1J7,24
863205,2016-05-22_1J7,20
903582,2016-05-23_1J7,67
943892,2016-05-24_1J7,82
984229,2016-05-25_1J7,37
1024526,2016-05-26_1J7,38
1064945,2016-05-27_1J7,64
1105242,2016-05-28_1J7,21
1142963,2016-05-29_1J7,21
1179854,2016-05-30_1J7,74
1213432,2016-05-31_1J7,68
17196,2016-06-01_1J7,25
57587,2016-06-02_1J7,0
98078,2016-06-03_1J7,0
138596,2016-06-04_1J7,0
219696,2016-06-06_1J7,24
300573,2016-06-08_1J7,26
340924,2016-06-09_1J7,27
381455,2016-06-10_1J7,35
502937,2016-06-13_1J7,58
543416,2016-06-14_1J7,50
583968,2016-06-15_1J7,56
624442,2016-06-16_1J7,54
664875,2016-06-17_1J7,51
705153,2016-06-18_1J7,0
745489,2016-06-19_1J7,15
785938,2016-06-20_1J7,72
826238,2016-06-21_1J7,65
866486,2016-06-22_1J7,49
906783,2016-06-23_1J7,64
947100,2016-06-24_1J7,70
987451,2016-06-25_1J7,14
1027741,2016-06-26_1J7,30
1068142,2016-06-27_1J7,70
1108429,2016-06-28_1J7,59
1146155,2016-06-29_1J7,62
1183050,2016-06-30_1J7,69
20395,2016-07-01_1J7,57
60937,2016-07-02_1J7,19
101444,2016-07-03_1J7,10
141950,2016-07-04_1J7,90
182507,2016-07-05_1J7,69
223085,2016-07-06_1J7,63
263622,2016-07-07_1J7,57
303957,2016-07-08_1J7,54
344314,2016-07-09_1J7,12
384848,2016-07-10_1J7,32
425380,2016-07-11_1J7,78
465858,2016-07-12_1J7,78
506312,2016-07-13_1J7,71
546803,2016-07-14_1J7,8
587365,2016-07-15_1J7,52
627830,2016-07-16_1J7,16
668259,2016-07-17_1J7,26
708551,2016-07-18_1J7,97
748886,2016-07-19_1J7,72
789338,2016-07-20_1J7,61
829637,2016-07-21_1J7,62
869881,2016-07-22_1J7,66
910152,2016-07-23_1J7,10
950483,2016-07-24_1J7,32
990843,2016-07-25_1J7,84
1031141,2016-07-26_1J7,70
1071525,2016-07-27_1J7,74
1111815,2016-07-28_1J7,77
1149555,2016-07-29_1J7,62
1186432,2016-07-30_1J7,19
1216824,2016-07-31_1J7,24
23792,2016-08-01_1J7,72
64338,2016-08-02_1J7,69
104838,2016-08-03_1J7,71
145348,2016-08-04_1J7,49
185915,2016-08-05_1J7,45
226488,2016-08-06_1J7,20
267004,2016-08-07_1J7,30
307340,2016-08-08_1J7,75
347706,2016-08-09_1J7,54
388240,2016-08-10_1J7,48
428769,2016-08-11_1J7,64
469243,2016-08-12_1J7,46
509704,2016-08-13_1J7,22
550182,2016-08-14_1J7,12
590694,2016-08-15_1J7,12
631124,2016-08-16_1J7,70
671555,2016-08-17_1J7,58
711866,2016-08-18_1J7,61
752209,2016-08-19_1J7,52
792644,2016-08-20_1J7,44
832945,2016-08-21_1J7,20
873183,2016-08-22_1J7,47
913441,2016-08-23_1J7,64
953771,2016-08-24_1J7,47
994130,2016-08-25_1J7,54
1034444,2016-08-26_1J7,52
1074823,2016-08-27_1J7,14
1115124,2016-08-28_1J7,24
1152859,2016-08-29_1J7,70
1189738,2016-08-30_1J7,17
1220126,2016-08-31_1J7,63
27108,2016-09-01_1J7,62
67650,2016-09-02_1J7,56
108156,2016-09-03_1J7,27
148656,2016-09-04_1J7,30
189223,2016-09-05_1J7,86
229796,2016-09-06_1J7,73
270299,2016-09-07_1J7,61
310657,2016-09-08_1J7,63
351019,2016-09-09_1J7,68
391555,2016-09-10_1J7,14
432074,2016-09-11_1J7,31
472533,2016-09-12_1J7,82
513003,2016-09-13_1J7,74
553482,2016-09-14_1J7,81
593988,2016-09-15_1J7,67
634449,2016-09-16_1J7,75
674877,2016-09-17_1J7,17
715205,2016-09-18_1J7,29
755566,2016-09-19_1J7,74
795995,2016-09-20_1J7,83
836313,2016-09-21_1J7,87
876573,2016-09-22_1J7,77
916849,2016-09-23_1J7,86
957178,2016-09-24_1J7,36
997532,2016-09-25_1J7,35
1037851,2016-09-26_1J7,100
1078233,2016-09-27_1J7,88
1118545,2016-09-28_1J7,93
1156277,2016-09-29_1J7,80
1193158,2016-09-30_1J7,87
30533,2016-10-01_1J7,22
71077,2016-10-02_1J7,30
111583,2016-10-03_1J7,119
152078,2016-10-04_1J7,96
192646,2016-10-05_1J7,86
233223,2016-10-06_1J7,99
273732,2016-10-07_1J7,91
314083,2016-10-08_1J7,32
354431,2016-10-09_1J7,27
394970,2016-10-10_1J7,105
435475,2016-10-11_1J7,106
475944,2016-10-12_1J7,102
516424,2016-10-13_1J7,103
556910,2016-10-14_1J7,81
597409,2016-10-15_1J7,22
637876,2016-10-16_1J7,31
678295,2016-10-17_1J7,103
718609,2016-10-18_1J7,117
758965,2016-10-19_1J7,83
799415,2016-10-20_1J7,95
839736,2016-10-21_1J7,91
879978,2016-10-22_1J7,0
920258,2016-10-23_1J7,11
960593,2016-10-24_1J7,116
1000940,2016-10-25_1J7,106
1041272,2016-10-26_1J7,85
1081657,2016-10-27_1J7,92
1121969,2016-10-28_1J7,87
1159690,2016-10-29_1J7,0
1223551,2016-10-31_1J7,0
33946,2016-11-01_1J7,10
74500,2016-11-02_1J7,104
114999,2016-11-03_1J7,97
155498,2016-11-04_1J7,90
196073,2016-11-05_1J7,30
236642,2016-11-06_1J7,21
277138,2016-11-07_1J7,116
317497,2016-11-08_1J7,106
357839,2016-11-09_1J7,84
398388,2016-11-10_1J7,83
438897,2016-11-11_1J7,9
479369,2016-11-12_1J7,21
519841,2016-11-13_1J7,26
560330,2016-11-14_1J7,104
600811,2016-11-15_1J7,103
641293,2016-11-16_1J7,96
681701,2016-11-17_1J7,101
722017,2016-11-18_1J7,100
762378,2016-11-19_1J7,24
802817,2016-11-20_1J7,26
843135,2016-11-21_1J7,116
883386,2016-11-22_1J7,100
923657,2016-11-23_1J7,101
963989,2016-11-24_1J7,46
1004346,2016-11-25_1J7,91
1044684,2016-11-26_1J7,30
1085060,2016-11-27_1J7,23
1125348,2016-11-28_1J7,98
1163043,2016-11-29_1J7,97
1199929,2016-11-30_1J7,70
37322,2016-12-01_1J7,101
77910,2016-12-02_1J7,79
118397,2016-12-03_1J7,28
158911,2016-12-04_1J7,25
199483,2016-12-05_1J7,107
240043,2016-12-06_1J7,88
280535,2016-12-07_1J7,83
320892,2016-12-08_1J7,41
361251,2016-12-09_1J7,72
401790,2016-12-10_1J7,17
442290,2016-12-11_1J7,20
482759,2016-12-12_1J7,87
523235,2016-12-13_1J7,83
563738,2016-12-14_1J7,85
604208,2016-12-15_1J7,76
644711,2016-12-16_1J7,83
685105,2016-12-17_1J7,20
725419,2016-12-18_1J7,16
765779,2016-12-19_1J7,93
806218,2016-12-20_1J7,90
846541,2016-12-21_1J7,72
886788,2016-12-22_1J7,82
927075,2016-12-23_1J7,62
967399,2016-12-24_1J7,12
1007747,2016-12-25_1J7,27
1048088,2016-12-26_1J7,37
1088457,2016-12-27_1J7,49
1128749,2016-12-28_1J7,49
1166435,2016-12-29_1J7,45
1203344,2016-12-30_1J7,36
1226945,2016-12-31_1J7,18
848,2017-01-01_1J7,12
41154,2017-01-02_1J7,73
81745,2017-01-03_1J7,98
122233,2017-01-04_1J7,93
162745,2017-01-05_1J7,73
203219,2017-01-06_1J7,90
243781,2017-01-07_1J7,17
284216,2017-01-08_1J7,24
324546,2017-01-09_1J7,99
364986,2017-01-10_1J7,95
405536,2017-01-11_1J7,73
446063,2017-01-12_1J7,97
486537,2017-01-13_1J7,89
527016,2017-01-14_1J7,25
567491,2017-01-15_1J7,27
607937,2017-01-16_1J7,109
648464,2017-01-17_1J7,122
688830,2017-01-18_1J7,102
729193,2017-01-19_1J7,117
769579,2017-01-20_1J7,106
810015,2017-01-21_1J7,16
850313,2017-01-22_1J7,23
890537,2017-01-23_1J7,114
930855,2017-01-24_1J7,112
971171,2017-01-25_1J7,95
1011484,2017-01-26_1J7,113
1051860,2017-01-27_1J7,110
1092216,2017-01-28_1J7,25
1132502,2017-01-29_1J7,36
1170181,2017-01-30_1J7,113
1207130,2017-01-31_1J7,102
4166,2017-02-01_1J7,109
44524,2017-02-02_1J7,5
85112,2017-02-03_1J7,89
125600,2017-02-04_1J7,26
166117,2017-02-05_1J7,17
206618,2017-02-06_1J7,114
247169,2017-02-07_1J7,112
287602,2017-02-08_1J7,93
327940,2017-02-09_1J7,94
368384,2017-02-10_1J7,91
408906,2017-02-11_1J7,20
449425,2017-02-12_1J7,21
489935,2017-02-13_1J7,102
530410,2017-02-14_1J7,85
570883,2017-02-15_1J7,106
611334,2017-02-16_1J7,91
651866,2017-02-17_1J7,90
692235,2017-02-18_1J7,24
732589,2017-02-19_1J7,26
772980,2017-02-20_1J7,123
813413,2017-02-21_1J7,125
853714,2017-02-22_1J7,93
893935,2017-02-23_1J7,105
934248,2017-02-24_1J7,90
974576,2017-02-25_1J7,29
1014885,2017-02-26_1J7,35
1055263,2017-02-27_1J7,120
1095613,2017-02-28_1J7,118
7571,2017-03-01_1J7,90
47932,2017-03-02_1J7,111
88517,2017-03-03_1J7,105
129001,2017-03-04_1J7,29
169513,2017-03-05_1J7,33
210003,2017-03-06_1J7,114
250572,2017-03-07_1J7,116
291001,2017-03-08_1J7,104
331334,2017-03-09_1J7,101
371782,2017-03-10_1J7,117
412305,2017-03-11_1J7,26
452820,2017-03-12_1J7,29
493326,2017-03-13_1J7,130
533816,2017-03-14_1J7,129
574286,2017-03-15_1J7,117
614737,2017-03-16_1J7,115
655263,2017-03-17_1J7,114
695634,2017-03-18_1J7,26
735987,2017-03-19_1J7,32
776372,2017-03-20_1J7,115
816755,2017-03-21_1J7,100
857040,2017-03-22_1J7,116
897321,2017-03-23_1J7,110
937650,2017-03-24_1J7,104
977972,2017-03-25_1J7,36
1018286,2017-03-26_1J7,17
1058659,2017-03-27_1J7,120
1099012,2017-03-28_1J7,119
1136737,2017-03-29_1J7,105
1173568,2017-03-30_1J7,116
1210526,2017-03-31_1J7,84
10986,2017-04-01_1J7,29
51338,2017-04-02_1J7,67
91916,2017-04-03_1J7,132
132396,2017-04-04_1J7,108
172913,2017-04-05_1J7,125
213395,2017-04-06_1J7,117
253966,2017-04-07_1J7,99
294401,2017-04-08_1J7,35
334731,2017-04-09_1J7,21
375170,2017-04-10_1J7,103
415700,2017-04-11_1J7,109
456210,2017-04-12_1J7,94
496713,2017-04-13_1J7,89
537190,2017-04-14_1J7,96
577678,2017-04-15_1J7,25
618137,2017-04-16_1J7,10
658648,2017-04-17_1J7,44
698979,2017-04-18_1J7,109
739335,2017-04-19_1J7,104
779719,2017-04-20_1J7,105
820084,2017-04-21_1J7,110
860322,2017-04-22_1J7,24
900677,2017-04-23_1J7,32
940999,2017-04-24_1J7,107
981324,2017-04-25_1J7,111
1021631,2017-04-26_1J7,120
1062017,2017-04-27_1J7,125
1102348,2017-04-28_1J7,102
1140065,2017-04-29_1J7,24
1176927,2017-04-30_1J7,17
14313,2017-05-01_1J7,29
54678,2017-05-02_1J7,127
95203,2017-05-03_1J7,126
135672,2017-05-04_1J7,123
176235,2017-05-05_1J7,115
216754,2017-05-06_1J7,5
297689,2017-05-08_1J7,23
338036,2017-05-09_1J7,141
378520,2017-05-10_1J7,115
419023,2017-05-11_1J7,135
459523,2017-05-12_1J7,117
499999,2017-05-13_1J7,29
540477,2017-05-14_1J7,26
581005,2017-05-15_1J7,109
621477,2017-05-16_1J7,126
661990,2017-05-17_1J7,83
702289,2017-05-18_1J7,100
742637,2017-05-19_1J7,111
783080,2017-05-20_1J7,19
823387,2017-05-21_1J7,24
863626,2017-05-22_1J7,110
904011,2017-05-23_1J7,109
944321,2017-05-24_1J7,111
984658,2017-05-25_1J7,0
1024955,2017-05-26_1J7,43
1105664,2017-05-28_1J7,16
1143385,2017-05-29_1J7,111
1180283,2017-05-30_1J7,110
1213860,2017-05-31_1J7,98
17621,2017-06-01_1J7,122
58003,2017-06-02_1J7,98
98478,2017-06-03_1J7,0
179540,2017-06-05_1J7,6
220116,2017-06-06_1J7,124
260649,2017-06-07_1J7,94
300986,2017-06-08_1J7,113
341343,2017-06-09_1J7,108
381875,2017-06-10_1J7,11
422404,2017-06-11_1J7,18
462902,2017-06-12_1J7,113
503364,2017-06-13_1J7,100
543844,2017-06-14_1J7,91
584396,2017-06-15_1J7,111
624870,2017-06-16_1J7,106
665302,2017-06-17_1J7,15
705578,2017-06-18_1J7,11
745915,2017-06-19_1J7,110
101868,2017-07-03_1J7,15
142378,2017-07-04_1J7,180
182934,2017-07-05_1J7,196
223512,2017-07-06_1J7,181
264049,2017-07-07_1J7,190
304384,2017-07-08_1J7,39
344740,2017-07-09_1J7,50
385275,2017-07-10_1J7,150
425807,2017-07-11_1J7,171
466285,2017-07-12_1J7,152
506739,2017-07-13_1J7,178
547227,2017-07-14_1J7,18
587790,2017-07-15_1J7,49
628238,2017-07-16_1J7,51
668667,2017-07-17_1J7,172
708972,2017-07-18_1J7,176
749305,2017-07-19_1J7,190
789755,2017-07-20_1J7,185
830055,2017-07-21_1J7,168
870299,2017-07-22_1J7,49
910562,2017-07-23_1J7,37
950899,2017-07-24_1J7,199
991258,2017-07-25_1J7,191
1031558,2017-07-26_1J7,200
1071940,2017-07-27_1J7,180
1112231,2017-07-28_1J7,184
1149970,2017-07-29_1J7,46
1186846,2017-07-30_1J7,31
1217234,2017-07-31_1J7,180
24209,2017-08-01_1J7,165
64751,2017-08-02_1J7,174
105254,2017-08-03_1J7,168
145766,2017-08-04_1J7,147
186331,2017-08-05_1J7,38
226899,2017-08-06_1J7,35
267414,2017-08-07_1J7,173
307757,2017-08-08_1J7,162
348122,2017-08-09_1J7,156
388653,2017-08-10_1J7,150
429185,2017-08-11_1J7,150
469661,2017-08-12_1J7,53
510117,2017-08-13_1J7,41
550599,2017-08-14_1J7,87
591113,2017-08-15_1J7,24
631545,2017-08-16_1J7,151
671976,2017-08-17_1J7,148
712288,2017-08-18_1J7,119
752630,2017-08-19_1J7,47
793064,2017-08-20_1J7,44
833365,2017-08-21_1J7,185
873603,2017-08-22_1J7,125
913862,2017-08-23_1J7,173
954192,2017-08-24_1J7,162
994555,2017-08-25_1J7,149
1034869,2017-08-26_1J7,29
1075244,2017-08-27_1J7,38
1115550,2017-08-28_1J7,181
1153286,2017-08-29_1J7,164
1190166,2017-08-30_1J7,168
1220553,2017-08-31_1J7,163
27536,2017-09-01_1J7,165
68077,2017-09-02_1J7,49
108582,2017-09-03_1J7,75
149083,2017-09-04_1J7,182
189651,2017-09-05_1J7,203
230224,2017-09-06_1J7,193
270727,2017-09-07_1J7,208
311086,2017-09-08_1J7,206
351448,2017-09-09_1J7,47
391983,2017-09-10_1J7,45
432502,2017-09-11_1J7,227
472962,2017-09-12_1J7,134
513432,2017-09-13_1J7,158
553911,2017-09-14_1J7,227
594417,2017-09-15_1J7,187
634878,2017-09-16_1J7,16
675305,2017-09-17_1J7,24
715633,2017-09-18_1J7,241
755995,2017-09-19_1J7,241
796424,2017-09-20_1J7,203
836742,2017-09-21_1J7,137
877002,2017-09-22_1J7,155
917278,2017-09-23_1J7,59
957606,2017-09-24_1J7,42
997956,2017-09-25_1J7,248
1038280,2017-09-26_1J7,253
1078662,2017-09-27_1J7,246
1118974,2017-09-28_1J7,242
1156706,2017-09-29_1J7,216
1193587,2017-09-30_1J7,21
30959,2017-10-01_1J7,38
71505,2017-10-02_1J7,244
112012,2017-10-03_1J7,252
152507,2017-10-04_1J7,223
193075,2017-10-05_1J7,248
233652,2017-10-06_1J7,211
274161,2017-10-07_1J7,58
314510,2017-10-08_1J7,60
354857,2017-10-09_1J7,257
395399,2017-10-10_1J7,145
435904,2017-10-11_1J7,215
476374,2017-10-12_1J7,251
516854,2017-10-13_1J7,211
557340,2017-10-14_1J7,54
597828,2017-10-15_1J7,60
638299,2017-10-16_1J7,239
678724,2017-10-17_1J7,257
719037,2017-10-18_1J7,241
759394,2017-10-19_1J7,152
799843,2017-10-20_1J7,218
840164,2017-10-21_1J7,45
880403,2017-10-22_1J7,53
920678,2017-10-23_1J7,249
961019,2017-10-24_1J7,230
1001368,2017-10-25_1J7,208
1041699,2017-10-26_1J7,218
1082085,2017-10-27_1J7,204
1122396,2017-10-28_1J7,54
1160111,2017-10-29_1J7,34
1196991,2017-10-30_1J7,215
1223975,2017-10-31_1J7,202
34373,2017-11-01_1J7,28
74927,2017-11-02_1J7,197
115427,2017-11-03_1J7,174
155926,2017-11-04_1J7,37
196497,2017-11-05_1J7,49
237067,2017-11-06_1J7,257
277566,2017-11-07_1J7,239
317925,2017-11-08_1J7,232
358266,2017-11-09_1J7,250
398816,2017-11-10_1J7,222
439323,2017-11-11_1J7,27
479791,2017-11-12_1J7,42
520260,2017-11-13_1J7,268
560759,2017-11-14_1J7,252
601240,2017-11-15_1J7,242
641721,2017-11-16_1J7,106
682128,2017-11-17_1J7,228
722445,2017-11-18_1J7,51
762803,2017-11-19_1J7,62
803242,2017-11-20_1J7,262
843563,2017-11-21_1J7,249
883814,2017-11-22_1J7,238
924085,2017-11-23_1J7,140
964417,2017-11-24_1J7,216
1004774,2017-11-25_1J7,46
1045111,2017-11-26_1J7,45
1085482,2017-11-27_1J7,226
1125778,2017-11-28_1J7,209
1163472,2017-11-29_1J7,204
1200359,2017-11-30_1J7,190
37750,2017-12-01_1J7,184
78339,2017-12-02_1J7,51
118825,2017-12-03_1J7,34
159339,2017-12-04_1J7,229
199913,2017-12-05_1J7,244
240453,2017-12-06_1J7,223
280898,2017-12-07_1J7,239
321253,2017-12-08_1J7,194
361640,2017-12-09_1J7,48
402218,2017-12-10_1J7,34
442718,2017-12-11_1J7,228
483189,2017-12-12_1J7,228
523665,2017-12-13_1J7,221
564168,2017-12-14_1J7,208
604638,2017-12-15_1J7,178
645109,2017-12-16_1J7,42
685493,2017-12-17_1J7,34
725847,2017-12-18_1J7,250
766208,2017-12-19_1J7,226
806648,2017-12-20_1J7,228
846971,2017-12-21_1J7,239
887218,2017-12-22_1J7,191
927505,2017-12-23_1J7,46
967824,2017-12-24_1J7,11
1008172,2017-12-25_1J7,48
1048517,2017-12-26_1J7,143
1088885,2017-12-27_1J7,141
1129177,2017-12-28_1J7,166
1166862,2017-12-29_1J7,131
1203770,2017-12-30_1J7,40
1227369,2017-12-31_1J7,26
1272,2018-01-01_1J7,44
41583,2018-01-02_1J7,164
82175,2018-01-03_1J7,160
122663,2018-01-04_1J7,167
163175,2018-01-05_1J7,146
203649,2018-01-06_1J7,49
244207,2018-01-07_1J7,53
284641,2018-01-08_1J7,246
324974,2018-01-09_1J7,238
365415,2018-01-10_1J7,213
405964,2018-01-11_1J7,254
446490,2018-01-12_1J7,239
486965,2018-01-13_1J7,59
527442,2018-01-14_1J7,40
567916,2018-01-15_1J7,232
608365,2018-01-16_1J7,227
648893,2018-01-17_1J7,217
689259,2018-01-18_1J7,196
729623,2018-01-19_1J7,230
770009,2018-01-20_1J7,48
810443,2018-01-21_1J7,67
850740,2018-01-22_1J7,248
890966,2018-01-23_1J7,264
931285,2018-01-24_1J7,220
971600,2018-01-25_1J7,240
1011914,2018-01-26_1J7,225
1052291,2018-01-27_1J7,62
1092645,2018-01-28_1J7,59
1132928,2018-01-29_1J7,260
1170610,2018-01-30_1J7,263
1207559,2018-01-31_1J7,239
4597,2018-02-01_1J7,240
44955,2018-02-02_1J7,216
85543,2018-02-03_1J7,49
126026,2018-02-04_1J7,50
166544,2018-02-05_1J7,273
207048,2018-02-06_1J7,217
247598,2018-02-07_1J7,118
288031,2018-02-08_1J7,218
328370,2018-02-09_1J7,177
368814,2018-02-10_1J7,43
409332,2018-02-11_1J7,51
449852,2018-02-12_1J7,243
490365,2018-02-13_1J7,249
530839,2018-02-14_1J7,231
571311,2018-02-15_1J7,225
611762,2018-02-16_1J7,202
652294,2018-02-17_1J7,59
692660,2018-02-18_1J7,61
733014,2018-02-19_1J7,232
773408,2018-02-20_1J7,248
813839,2018-02-21_1J7,220
854140,2018-02-22_1J7,239
894364,2018-02-23_1J7,215
934676,2018-02-24_1J7,38
975003,2018-02-25_1J7,43
1015311,2018-02-26_1J7,218
1055691,2018-02-27_1J7,211
1096041,2018-02-28_1J7,223
7999,2018-03-01_1J7,199
48359,2018-03-02_1J7,187
88945,2018-03-03_1J7,45
129425,2018-03-04_1J7,49
169936,2018-03-05_1J7,242
210431,2018-03-06_1J7,246
251000,2018-03-07_1J7,223
291430,2018-03-08_1J7,263
331764,2018-03-09_1J7,223
372211,2018-03-10_1J7,61
412731,2018-03-11_1J7,40
453244,2018-03-12_1J7,267
493755,2018-03-13_1J7,234
534245,2018-03-14_1J7,229
574716,2018-03-15_1J7,245
615167,2018-03-16_1J7,218
655693,2018-03-17_1J7,38
696057,2018-03-18_1J7,58
736410,2018-03-19_1J7,240
776801,2018-03-20_1J7,260
817184,2018-03-21_1J7,229
857468,2018-03-22_1J7,118
897750,2018-03-23_1J7,177
938079,2018-03-24_1J7,43
978398,2018-03-25_1J7,52
1018713,2018-03-26_1J7,252
1059088,2018-03-27_1J7,241
1099440,2018-03-28_1J7,227
1137165,2018-03-29_1J7,254
1173996,2018-03-30_1J7,220
1210954,2018-03-31_1J7,21
51764,2018-04-02_1J7,43
173341,2018-04-05_1J7,198
213822,2018-04-06_1J7,218
254393,2018-04-07_1J7,39
375597,2018-04-10_1J7,184
416127,2018-04-11_1J7,219
456637,2018-04-12_1J7,221
578104,2018-04-15_1J7,45
618564,2018-04-16_1J7,222
659077,2018-04-17_1J7,210
699408,2018-04-18_1J7,101
739763,2018-04-19_1J7,10
780148,2018-04-20_1J7,151
820512,2018-04-21_1J7,44
860751,2018-04-22_1J7,84
901105,2018-04-23_1J7,5
981753,2018-04-25_1J7,200
1022061,2018-04-26_1J7,193
1062446,2018-04-27_1J7,169
1102778,2018-04-28_1J7,5
1177355,2018-04-30_1J7,147
14741,2018-05-01_1J7,24
55107,2018-05-02_1J7,191
176664,2018-05-05_1J7,30
217179,2018-05-06_1J7,32
257724,2018-05-07_1J7,154
378949,2018-05-10_1J7,15
581434,2018-05-15_1J7,187
621906,2018-05-16_1J7,165
662419,2018-05-17_1J7,191
743066,2018-05-19_1J7,10
823816,2018-05-21_1J7,36
864055,2018-05-22_1J7,144
904440,2018-05-23_1J7,93
944751,2018-05-24_1J7,93
985086,2018-05-25_1J7,169
1025384,2018-05-26_1J7,29
1065792,2018-05-27_1J7,47
1106088,2018-05-28_1J7,120
1143814,2018-05-29_1J7,114
1180713,2018-05-30_1J7,181
1214291,2018-05-31_1J7,202
18052,2018-06-01_1J7,189
58434,2018-06-02_1J7,5
98903,2018-06-03_1J7,20
139397,2018-06-04_1J7,222
179971,2018-06-05_1J7,203
220548,2018-06-06_1J7,206
261080,2018-06-07_1J7,114
301417,2018-06-08_1J7,98
341773,2018-06-09_1J7,31
382298,2018-06-10_1J7,48
422825,2018-06-11_1J7,228
463332,2018-06-12_1J7,125
503794,2018-06-13_1J7,99
544275,2018-06-14_1J7,206
584827,2018-06-15_1J7,192
625301,2018-06-16_1J7,34
665733,2018-06-17_1J7,35
706009,2018-06-18_1J7,103
746346,2018-06-19_1J7,224
786794,2018-06-20_1J7,197
827095,2018-06-21_1J7,196
907642,2018-06-23_1J7,15
947951,2018-06-24_1J7,37
988298,2018-06-25_1J7,202
1028599,2018-06-26_1J7,218
1068999,2018-06-27_1J7,92
1109287,2018-06-28_1J7,103
1147013,2018-06-29_1J7,181
1183907,2018-06-30_1J7,33
21254,2018-07-01_1J7,46
61796,2018-07-02_1J7,180
102301,2018-07-03_1J7,207
142811,2018-07-04_1J7,214
183367,2018-07-05_1J7,217
223945,2018-07-06_1J7,101
264482,2018-07-07_1J7,16
304810,2018-07-08_1J7,37
345164,2018-07-09_1J7,216
385708,2018-07-10_1J7,213
426240,2018-07-11_1J7,177
466718,2018-07-12_1J7,214
507172,2018-07-13_1J7,171
547657,2018-07-14_1J7,24
588216,2018-07-15_1J7,33
628665,2018-07-16_1J7,194
669094,2018-07-17_1J7,28
709400,2018-07-18_1J7,201
749732,2018-07-19_1J7,175
790183,2018-07-20_1J7,180
830482,2018-07-21_1J7,33
870724,2018-07-22_1J7,34
910989,2018-07-23_1J7,197
951326,2018-07-24_1J7,207
991685,2018-07-25_1J7,176
1031984,2018-07-26_1J7,161
1072367,2018-07-27_1J7,120
1112658,2018-07-28_1J7,42
1150396,2018-07-29_1J7,33
1187272,2018-07-30_1J7,175
1217661,2018-07-31_1J7,181
24636,2018-08-01_1J7,167
65178,2018-08-02_1J7,178
105681,2018-08-03_1J7,146
146194,2018-08-04_1J7,40
186757,2018-08-05_1J7,35
227327,2018-08-06_1J7,160
267841,2018-08-07_1J7,140
308183,2018-08-08_1J7,136
348549,2018-08-09_1J7,138
389080,2018-08-10_1J7,152
429612,2018-08-11_1J7,37
470081,2018-08-12_1J7,26
510534,2018-08-13_1J7,101
551024,2018-08-14_1J7,130
591536,2018-08-15_1J7,29
631971,2018-08-16_1J7,120
672402,2018-08-17_1J7,116
712716,2018-08-18_1J7,47
753058,2018-08-19_1J7,33
793488,2018-08-20_1J7,148
833791,2018-08-21_1J7,153
874029,2018-08-22_1J7,135
914291,2018-08-23_1J7,160
954622,2018-08-24_1J7,127
994986,2018-08-25_1J7,51
1035299,2018-08-26_1J7,35
1075673,2018-08-27_1J7,176
1115980,2018-08-28_1J7,190
1153717,2018-08-29_1J7,196
1190597,2018-08-30_1J7,192
1220984,2018-08-31_1J7,177
27967,2018-09-01_1J7,49
68506,2018-09-02_1J7,43
109010,2018-09-03_1J7,190
149513,2018-09-04_1J7,207
190081,2018-09-05_1J7,212
230654,2018-09-06_1J7,231
271157,2018-09-07_1J7,211
311516,2018-09-08_1J7,55
351870,2018-09-09_1J7,67
392406,2018-09-10_1J7,238
432932,2018-09-11_1J7,245
473392,2018-09-12_1J7,227
513862,2018-09-13_1J7,233
554342,2018-09-14_1J7,220
594848,2018-09-15_1J7,58
635308,2018-09-16_1J7,62
675732,2018-09-17_1J7,242
716064,2018-09-18_1J7,248
756426,2018-09-19_1J7,224
796855,2018-09-20_1J7,254
837174,2018-09-21_1J7,216
877433,2018-09-22_1J7,50
917708,2018-09-23_1J7,18
958034,2018-09-24_1J7,261
998387,2018-09-25_1J7,245
1038711,2018-09-26_1J7,233
1079093,2018-09-27_1J7,243
1119405,2018-09-28_1J7,225
1157137,2018-09-29_1J7,52
1194017,2018-09-30_1J7,55
31389,2018-10-01_1J7,248
71936,2018-10-02_1J7,281
112443,2018-10-03_1J7,252
152938,2018-10-04_1J7,262
193506,2018-10-05_1J7,222
234083,2018-10-06_1J7,65
274591,2018-10-07_1J7,69
314940,2018-10-08_1J7,243
355289,2018-10-09_1J7,233
395830,2018-10-10_1J7,230
436336,2018-10-11_1J7,263
476806,2018-10-12_1J7,210
517286,2018-10-13_1J7,63
557770,2018-10-14_1J7,64
598252,2018-10-15_1J7,236
638731,2018-10-16_1J7,265
679156,2018-10-17_1J7,244
719469,2018-10-18_1J7,239
759826,2018-10-19_1J7,231
800275,2018-10-20_1J7,58
840593,2018-10-21_1J7,41
880831,2018-10-22_1J7,231
921110,2018-10-23_1J7,227
961451,2018-10-24_1J7,201
1001800,2018-10-25_1J7,225
1042131,2018-10-26_1J7,220
1082517,2018-10-27_1J7,40
1122827,2018-10-28_1J7,27
1160542,2018-10-29_1J7,195
1197423,2018-10-30_1J7,186
1224407,2018-10-31_1J7,190
34805,2018-11-01_1J7,34
75359,2018-11-02_1J7,124
115858,2018-11-03_1J7,52
156357,2018-11-04_1J7,70
196929,2018-11-05_1J7,254
237499,2018-11-06_1J7,82
277998,2018-11-07_1J7,202
318357,2018-11-08_1J7,237
358698,2018-11-09_1J7,230
399248,2018-11-10_1J7,22
439753,2018-11-11_1J7,26
480213,2018-11-12_1J7,245
520692,2018-11-13_1J7,246
561191,2018-11-14_1J7,212
601671,2018-11-15_1J7,239
642153,2018-11-16_1J7,218
682560,2018-11-17_1J7,13
722871,2018-11-18_1J7,38
763225,2018-11-19_1J7,262
803674,2018-11-20_1J7,250
843995,2018-11-21_1J7,243
884246,2018-11-22_1J7,256
924517,2018-11-23_1J7,209
964849,2018-11-24_1J7,51
1005203,2018-11-25_1J7,46
1045540,2018-11-26_1J7,254
1085914,2018-11-27_1J7,258
1126210,2018-11-28_1J7,202
1163904,2018-11-29_1J7,242
1200790,2018-11-30_1J7,225
38181,2018-12-01_1J7,49
78765,2018-12-02_1J7,42
119252,2018-12-03_1J7,226
159770,2018-12-04_1J7,244
200344,2018-12-05_1J7,220
240884,2018-12-06_1J7,254
281329,2018-12-07_1J7,222
321685,2018-12-08_1J7,51
362072,2018-12-09_1J7,55
402650,2018-12-10_1J7,247
443149,2018-12-11_1J7,256
483619,2018-12-12_1J7,216
524096,2018-12-13_1J7,246
564599,2018-12-14_1J7,125
605069,2018-12-15_1J7,50
645540,2018-12-16_1J7,48
685924,2018-12-17_1J7,254
726277,2018-12-18_1J7,257
766638,2018-12-19_1J7,207
807078,2018-12-20_1J7,242
847400,2018-12-21_1J7,189
887647,2018-12-22_1J7,37
927932,2018-12-23_1J7,23
968251,2018-12-24_1J7,91
1008597,2018-12-25_1J7,50
1048945,2018-12-26_1J7,139
1089312,2018-12-27_1J7,139
1129605,2018-12-28_1J7,121
1167289,2018-12-29_1J7,70
1204196,2018-12-30_1J7,27
1227796,2018-12-31_1J7,91
1698,2019-01-01_1J7,25
42012,2019-01-02_1J7,159
82602,2019-01-03_1J7,172
123092,2019-01-04_1J7,168
163603,2019-01-05_1J7,49
204078,2019-01-06_1J7,40
244634,2019-01-07_1J7,258
285071,2019-01-08_1J7,252
325403,2019-01-09_1J7,222
365845,2019-01-10_1J7,233
406394,2019-01-11_1J7,210
446920,2019-01-12_1J7,44
487394,2019-01-13_1J7,35
527870,2019-01-14_1J7,260
568346,2019-01-15_1J7,245
608795,2019-01-16_1J7,216
649324,2019-01-17_1J7,241
689689,2019-01-18_1J7,117
730052,2019-01-19_1J7,38
770436,2019-01-20_1J7,48
810870,2019-01-21_1J7,257
851170,2019-01-22_1J7,225
891396,2019-01-23_1J7,201
931714,2019-01-24_1J7,233
972028,2019-01-25_1J7,221
1012341,2019-01-26_1J7,40
1052715,2019-01-27_1J7,43
1093066,2019-01-28_1J7,232
1133354,2019-01-29_1J7,254
1171036,2019-01-30_1J7,161
1207985,2019-01-31_1J7,227
5024,2019-02-01_1J7,205
45383,2019-02-02_1J7,52
85965,2019-02-03_1J7,54
126446,2019-02-04_1J7,244
166971,2019-02-05_1J7,210
207474,2019-02-06_1J7,210
248024,2019-02-07_1J7,241
288454,2019-02-08_1J7,216
328799,2019-02-09_1J7,39
369238,2019-02-10_1J7,37
409755,2019-02-11_1J7,269
450283,2019-02-12_1J7,251
490796,2019-02-13_1J7,225
531270,2019-02-14_1J7,263
571742,2019-02-15_1J7,228
612193,2019-02-16_1J7,64
652715,2019-02-17_1J7,46
693080,2019-02-18_1J7,236
733445,2019-02-19_1J7,252
773839,2019-02-20_1J7,211
814270,2019-02-21_1J7,224
854571,2019-02-22_1J7,204
894796,2019-02-23_1J7,40
935099,2019-02-24_1J7,45
975418,2019-02-25_1J7,247
1015743,2019-02-26_1J7,239
1056120,2019-02-27_1J7,240
1096471,2019-02-28_1J7,222
8430,2019-03-01_1J7,197
48788,2019-03-02_1J7,46
89368,2019-03-03_1J7,44
129847,2019-03-04_1J7,129
170368,2019-03-05_1J7,249
210860,2019-03-06_1J7,228
251428,2019-03-07_1J7,234
291860,2019-03-08_1J7,195
332191,2019-03-09_1J7,48
372632,2019-03-10_1J7,32
413158,2019-03-11_1J7,250
453674,2019-03-12_1J7,246
494185,2019-03-13_1J7,208
534675,2019-03-14_1J7,233
575146,2019-03-15_1J7,195
615598,2019-03-16_1J7,61
656111,2019-03-17_1J7,56
696462,2019-03-18_1J7,271
736841,2019-03-19_1J7,213
777232,2019-03-20_1J7,232
817615,2019-03-21_1J7,268
857864,2019-03-22_1J7,234
898181,2019-03-23_1J7,17
938506,2019-03-24_1J7,31
978817,2019-03-25_1J7,263
1019144,2019-03-26_1J7,269
1059519,2019-03-27_1J7,247
1099872,2019-03-28_1J7,257
1137597,2019-03-29_1J7,220
1174428,2019-03-30_1J7,50
1211369,2019-03-31_1J7,52
11824,2019-04-01_1J7,258
52185,2019-04-02_1J7,262
92719,2019-04-03_1J7,230
133194,2019-04-04_1J7,224
173773,2019-04-05_1J7,229
214254,2019-04-06_1J7,42
254813,2019-04-07_1J7,52
295195,2019-04-08_1J7,255
335536,2019-04-09_1J7,272
376029,2019-04-10_1J7,238
416559,2019-04-11_1J7,253
457069,2019-04-12_1J7,209
497537,2019-04-13_1J7,46
537990,2019-04-14_1J7,55
578518,2019-04-15_1J7,274
618995,2019-04-16_1J7,239
659509,2019-04-17_1J7,230
699825,2019-04-18_1J7,227
740176,2019-04-19_1J7,203
780580,2019-04-20_1J7,21
861144,2019-04-22_1J7,35
901519,2019-04-23_1J7,238
941840,2019-04-24_1J7,216
982181,2019-04-25_1J7,229
1022490,2019-04-26_1J7,202
1062874,2019-04-27_1J7,46
1103176,2019-04-28_1J7,44
1140893,2019-04-29_1J7,223
1177783,2019-04-30_1J7,211
15167,2019-05-01_1J7,24
55534,2019-05-02_1J7,184
96043,2019-05-03_1J7,166
136513,2019-05-04_1J7,52
177083,2019-05-05_1J7,57
217603,2019-05-06_1J7,230
258155,2019-05-07_1J7,243
298526,2019-05-08_1J7,30
338874,2019-05-09_1J7,242
379376,2019-05-10_1J7,209
419879,2019-05-11_1J7,30
460373,2019-05-12_1J7,66
500819,2019-05-13_1J7,238
541299,2019-05-14_1J7,264
581865,2019-05-15_1J7,234
622337,2019-05-16_1J7,257
662850,2019-05-17_1J7,237
703132,2019-05-18_1J7,47
743471,2019-05-19_1J7,52
783919,2019-05-20_1J7,274
824245,2019-05-21_1J7,290
864486,2019-05-22_1J7,242
904859,2019-05-23_1J7,255
945173,2019-05-24_1J7,217
985517,2019-05-25_1J7,62
1025812,2019-05-26_1J7,50
1066216,2019-05-27_1J7,263
1106508,2019-05-28_1J7,257
1144236,2019-05-29_1J7,222
1181144,2019-05-30_1J7,40
58820,2019-06-02_1J7,20
99316,2019-06-03_1J7,246
139828,2019-06-04_1J7,225
180402,2019-06-05_1J7,189
220979,2019-06-06_1J7,245
261508,2019-06-07_1J7,211
301839,2019-06-08_1J7,10
382725,2019-06-10_1J7,35
423257,2019-06-11_1J7,260
463752,2019-06-12_1J7,228
504213,2019-06-13_1J7,246
544704,2019-06-14_1J7,200
585257,2019-06-15_1J7,57
625721,2019-06-16_1J7,53
666145,2019-06-17_1J7,264
706434,2019-06-18_1J7,251
746776,2019-06-19_1J7,242
787225,2019-06-20_1J7,234
827525,2019-06-21_1J7,210
867768,2019-06-22_1J7,45
908046,2019-06-23_1J7,44
948364,2019-06-24_1J7,250
988729,2019-06-25_1J7,266
1029030,2019-06-26_1J7,238
1069424,2019-06-27_1J7,205
1109712,2019-06-28_1J7,179
1147444,2019-06-29_1J7,38
1184323,2019-06-30_1J7,47
21674,2019-07-01_1J7,200
62226,2019-07-02_1J7,243
102731,2019-07-03_1J7,236
143240,2019-07-04_1J7,249
183797,2019-07-05_1J7,215
224370,2019-07-06_1J7,55
264887,2019-07-07_1J7,63
305222,2019-07-08_1J7,253
345590,2019-07-09_1J7,228
386129,2019-07-10_1J7,209
426659,2019-07-11_1J7,219
467139,2019-07-12_1J7,195
507593,2019-07-13_1J7,49
548074,2019-07-14_1J7,54
588620,2019-07-15_1J7,192
629076,2019-07-16_1J7,206
669500,2019-07-17_1J7,190
709812,2019-07-18_1J7,209
750144,2019-07-19_1J7,191
790593,2019-07-20_1J7,55
830888,2019-07-21_1J7,58
871130,2019-07-22_1J7,198
911398,2019-07-23_1J7,185
951737,2019-07-24_1J7,169
992093,2019-07-25_1J7,154
1032394,2019-07-26_1J7,163
1072775,2019-07-27_1J7,41
1113067,2019-07-28_1J7,59
1150801,2019-07-29_1J7,206
1187685,2019-07-30_1J7,214
1218077,2019-07-31_1J7,178
25053,2019-08-01_1J7,206
65593,2019-08-02_1J7,170
106093,2019-08-03_1J7,52
146606,2019-08-04_1J7,53
187169,2019-08-05_1J7,183
227741,2019-08-06_1J7,163
268256,2019-08-07_1J7,148
308599,2019-08-08_1J7,160
348963,2019-08-09_1J7,129
389496,2019-08-10_1J7,49
430014,2019-08-11_1J7,45
470482,2019-08-12_1J7,157
510948,2019-08-13_1J7,163
551438,2019-08-14_1J7,150
591943,2019-08-15_1J7,29
632384,2019-08-16_1J7,87
672814,2019-08-17_1J7,45
713117,2019-08-18_1J7,30
753467,2019-08-19_1J7,171
793907,2019-08-20_1J7,169
834209,2019-08-21_1J7,156
874446,2019-08-22_1J7,154
914714,2019-08-23_1J7,136
955043,2019-08-24_1J7,43
995399,2019-08-25_1J7,46
1035714,2019-08-26_1J7,174
1076106,2019-08-27_1J7,164
1116413,2019-08-28_1J7,193
1154149,2019-08-29_1J7,185
1191029,2019-08-30_1J7,174
1221417,2019-08-31_1J7,70
28395,2019-09-01_1J7,44
68935,2019-09-02_1J7,157
109443,2019-09-03_1J7,216
149946,2019-09-04_1J7,226
190514,2019-09-05_1J7,231
231087,2019-09-06_1J7,225
271590,2019-09-07_1J7,55
311942,2019-09-08_1J7,45
352290,2019-09-09_1J7,257
392839,2019-09-10_1J7,284
433365,2019-09-11_1J7,248
473825,2019-09-12_1J7,248
514295,2019-09-13_1J7,160
554775,2019-09-14_1J7,56
595274,2019-09-15_1J7,64
635739,2019-09-16_1J7,276
676165,2019-09-17_1J7,275
716497,2019-09-18_1J7,219
756859,2019-09-19_1J7,247
797288,2019-09-20_1J7,222
837607,2019-09-21_1J7,45
877851,2019-09-22_1J7,55
918124,2019-09-23_1J7,266
958467,2019-09-24_1J7,201
998820,2019-09-25_1J7,248
1039144,2019-09-26_1J7,220
1079526,2019-09-27_1J7,214
1119838,2019-09-28_1J7,53
1157561,2019-09-29_1J7,57
1194447,2019-09-30_1J7,150
31822,2019-10-01_1J7,248
72369,2019-10-02_1J7,233
112876,2019-10-03_1J7,239
153371,2019-10-04_1J7,247
193939,2019-10-05_1J7,56
234510,2019-10-06_1J7,49
275011,2019-10-07_1J7,263
315373,2019-10-08_1J7,265
355716,2019-10-09_1J7,250
396262,2019-10-10_1J7,268
436768,2019-10-11_1J7,213
477238,2019-10-12_1J7,61
517710,2019-10-13_1J7,71
558200,2019-10-14_1J7,277
598684,2019-10-15_1J7,245
639163,2019-10-16_1J7,237
679588,2019-10-17_1J7,273
719901,2019-10-18_1J7,142
760258,2019-10-19_1J7,22
800691,2019-10-20_1J7,10
841011,2019-10-21_1J7,71
881262,2019-10-22_1J7,231
921541,2019-10-23_1J7,198
961882,2019-10-24_1J7,215
1002232,2019-10-25_1J7,183
1042562,2019-10-26_1J7,52
1082935,2019-10-27_1J7,57
1123223,2019-10-28_1J7,229
1160974,2019-10-29_1J7,226
1197854,2019-10-30_1J7,199
1224838,2019-10-31_1J7,40
35234,2019-11-01_1J7,23
75790,2019-11-02_1J7,41
116277,2019-11-03_1J7,63
156784,2019-11-04_1J7,233
197361,2019-11-05_1J7,255
237930,2019-11-06_1J7,241
278429,2019-11-07_1J7,254
318788,2019-11-08_1J7,207
359129,2019-11-09_1J7,16
440182,2019-11-11_1J7,39
480644,2019-11-12_1J7,253
521124,2019-11-13_1J7,240
561623,2019-11-14_1J7,259
602103,2019-11-15_1J7,212
642585,2019-11-16_1J7,39
682979,2019-11-17_1J7,55
723291,2019-11-18_1J7,248
763658,2019-11-19_1J7,267
804107,2019-11-20_1J7,216
844428,2019-11-21_1J7,257
884679,2019-11-22_1J7,221
924950,2019-11-23_1J7,38
965277,2019-11-24_1J7,75
1005626,2019-11-25_1J7,286
1045973,2019-11-26_1J7,272
1086347,2019-11-27_1J7,254
1126643,2019-11-28_1J7,248
1164337,2019-11-29_1J7,218
1201222,2019-11-30_1J7,61
38607,2019-12-01_1J7,65
79192,2019-12-02_1J7,248
119684,2019-12-03_1J7,239
160202,2019-12-04_1J7,210
241317,2019-12-06_1J7,5
362505,2019-12-09_1J7,5
403083,2019-12-10_1J7,10
565031,2019-12-14_1J7,10
767070,2019-12-19_1J7,5
83033,2020-01-03_1J7,5
123523,2020-01-04_1J7,10
285502,2020-01-08_1J7,5
528302,2020-01-14_1J7,127
568778,2020-01-15_1J7,142
609226,2020-01-16_1J7,39
649756,2020-01-17_1J7,118
690121,2020-01-18_1J7,15
730479,2020-01-19_1J7,28
770862,2020-01-20_1J7,162
811300,2020-01-21_1J7,207
851601,2020-01-22_1J7,171
891826,2020-01-23_1J7,186
932145,2020-01-24_1J7,90
972460,2020-01-25_1J7,20
1012767,2020-01-26_1J7,17
1053143,2020-01-27_1J7,194
1093497,2020-01-28_1J7,197
1133785,2020-01-29_1J7,171
1171462,2020-01-30_1J7,187
1208415,2020-01-31_1J7,186
5455,2020-02-01_1J7,48
45812,2020-02-02_1J7,11
86393,2020-02-03_1J7,202
126877,2020-02-04_1J7,221
167402,2020-02-05_1J7,196
207906,2020-02-06_1J7,218
248456,2020-02-07_1J7,201
288886,2020-02-08_1J7,42
329227,2020-02-09_1J7,37
369667,2020-02-10_1J7,208
410185,2020-02-11_1J7,231
450713,2020-02-12_1J7,216
491226,2020-02-13_1J7,218
531701,2020-02-14_1J7,180
572173,2020-02-15_1J7,52
612619,2020-02-16_1J7,30
653142,2020-02-17_1J7,148
693513,2020-02-18_1J7,167
733878,2020-02-19_1J7,193
774272,2020-02-20_1J7,195
814703,2020-02-21_1J7,153
855004,2020-02-22_1J7,38
895229,2020-02-23_1J7,43
935528,2020-02-24_1J7,213
975850,2020-02-25_1J7,220
1016175,2020-02-26_1J7,197
1056551,2020-02-27_1J7,182
1096903,2020-02-28_1J7,181
1135471,2020-02-29_1J7,43
8862,2020-03-01_1J7,34
49218,2020-03-02_1J7,218
89798,2020-03-03_1J7,216
130278,2020-03-04_1J7,211
170799,2020-03-05_1J7,204
211291,2020-03-06_1J7,180
251859,2020-03-07_1J7,42
292290,2020-03-08_1J7,37
332619,2020-03-09_1J7,232
373059,2020-03-10_1J7,205
413588,2020-03-11_1J7,190
454105,2020-03-12_1J7,222
494617,2020-03-13_1J7,173
535107,2020-03-14_1J7,10
575578,2020-03-15_1J7,21
616029,2020-03-16_1J7,79
656542,2020-03-17_1J7,22
818047,2020-03-21_1J7,5
898608,2020-03-23_1J7,5
1174856,2020-03-30_1J7,10
578950,2020-04-15_1J7,5
420304,2020-05-11_1J7,18
460801,2020-05-12_1J7,29
501251,2020-05-13_1J7,26
541731,2020-05-14_1J7,31
582297,2020-05-15_1J7,22
622770,2020-05-16_1J7,10
703563,2020-05-18_1J7,41
743899,2020-05-19_1J7,44
784352,2020-05-20_1J7,45
985948,2020-05-25_1J7,62
1026241,2020-05-26_1J7,49
1066649,2020-05-27_1J7,48
1106941,2020-05-28_1J7,39
1144669,2020-05-29_1J7,36
59251,2020-06-02_1J7,81
99749,2020-06-03_1J7,85
140260,2020-06-04_1J7,44
180834,2020-06-05_1J7,64
221411,2020-06-06_1J7,15
302266,2020-06-08_1J7,104
342618,2020-06-09_1J7,90
383156,2020-06-10_1J7,90
423689,2020-06-11_1J7,87
464184,2020-06-12_1J7,64
504645,2020-06-13_1J7,10
585680,2020-06-15_1J7,112
626146,2020-06-16_1J7,99
666577,2020-06-17_1J7,78
706866,2020-06-18_1J7,113
747208,2020-06-19_1J7,81
787657,2020-06-20_1J7,18
868196,2020-06-22_1J7,117
908469,2020-06-23_1J7,106
948796,2020-06-24_1J7,87
989161,2020-06-25_1J7,94
1029462,2020-06-26_1J7,92
1069856,2020-06-27_1J7,15
1147868,2020-06-29_1J7,108
1184747,2020-06-30_1J7,116
22106,2020-07-01_1J7,130
62658,2020-07-02_1J7,118
103162,2020-07-03_1J7,109
143672,2020-07-04_1J7,17
184227,2020-07-05_1J7,22
224799,2020-07-06_1J7,133
265315,2020-07-07_1J7,145
305652,2020-07-08_1J7,135
346019,2020-07-09_1J7,126
386559,2020-07-10_1J7,117
427087,2020-07-11_1J7,23
467566,2020-07-12_1J7,17
508017,2020-07-13_1J7,80
548498,2020-07-14_1J7,24
589041,2020-07-15_1J7,118
629491,2020-07-16_1J7,5
669919,2020-07-17_1J7,109
710227,2020-07-18_1J7,33
750561,2020-07-19_1J7,34
791005,2020-07-20_1J7,123
831300,2020-07-21_1J7,139
871544,2020-07-22_1J7,120
911810,2020-07-23_1J7,117
952145,2020-07-24_1J7,116
992501,2020-07-25_1J7,28
1032802,2020-07-26_1J7,41
1073182,2020-07-27_1J7,128
1113474,2020-07-28_1J7,137
1151214,2020-07-29_1J7,119
1188096,2020-07-30_1J7,113
1218487,2020-07-31_1J7,110
25465,2020-08-01_1J7,36
66005,2020-08-02_1J7,29
106500,2020-08-03_1J7,117
147013,2020-08-04_1J7,125
187579,2020-08-05_1J7,107
228151,2020-08-06_1J7,111
268667,2020-08-07_1J7,92
309014,2020-08-08_1J7,25
349373,2020-08-09_1J7,21
389906,2020-08-10_1J7,76
430421,2020-08-11_1J7,98
470895,2020-08-12_1J7,97
511362,2020-08-13_1J7,93
551852,2020-08-14_1J7,89
592350,2020-08-15_1J7,25
632800,2020-08-16_1J7,25
673221,2020-08-17_1J7,10
713526,2020-08-18_1J7,108
753886,2020-08-19_1J7,90
794323,2020-08-20_1J7,109
834628,2020-08-21_1J7,76
874870,2020-08-22_1J7,32
915138,2020-08-23_1J7,44
955467,2020-08-24_1J7,142
995822,2020-08-25_1J7,108
1036141,2020-08-26_1J7,110
1076531,2020-08-27_1J7,94
1116839,2020-08-28_1J7,100
1154575,2020-08-29_1J7,23
1191455,2020-08-30_1J7,35
1221843,2020-08-31_1J7,129
28820,2020-09-01_1J7,134
69361,2020-09-02_1J7,138
109870,2020-09-03_1J7,150
150373,2020-09-04_1J7,140
190941,2020-09-05_1J7,53
231514,2020-09-06_1J7,30
272016,2020-09-07_1J7,152
312367,2020-09-08_1J7,187
352717,2020-09-09_1J7,91
393265,2020-09-10_1J7,172
433789,2020-09-11_1J7,140
474249,2020-09-12_1J7,38
514717,2020-09-13_1J7,30
555196,2020-09-14_1J7,179
595695,2020-09-15_1J7,198
636163,2020-09-16_1J7,154
676589,2020-09-17_1J7,100
716920,2020-09-18_1J7,81
757280,2020-09-19_1J7,41
797711,2020-09-20_1J7,37
838024,2020-09-21_1J7,173
878264,2020-09-22_1J7,190
918546,2020-09-23_1J7,180
958889,2020-09-24_1J7,173
999242,2020-09-25_1J7,145
1039567,2020-09-26_1J7,50
1079949,2020-09-27_1J7,38
1120259,2020-09-28_1J7,179
1157981,2020-09-29_1J7,182
1194869,2020-09-30_1J7,152
32244,2020-10-01_1J7,10
72791,2020-10-02_1J7,143
113299,2020-10-03_1J7,28
153794,2020-10-04_1J7,30
194361,2020-10-05_1J7,161
234932,2020-10-06_1J7,186
275433,2020-10-07_1J7,169
315796,2020-10-08_1J7,171
356139,2020-10-09_1J7,169
396686,2020-10-10_1J7,13
437192,2020-10-11_1J7,27
477659,2020-10-12_1J7,163
518129,2020-10-13_1J7,157
558624,2020-10-14_1J7,154
599106,2020-10-15_1J7,168
639586,2020-10-16_1J7,121
680010,2020-10-17_1J7,33
720322,2020-10-18_1J7,34
760671,2020-10-19_1J7,152
801109,2020-10-20_1J7,146
841431,2020-10-21_1J7,142
881682,2020-10-22_1J7,145
921959,2020-10-23_1J7,129
962302,2020-10-24_1J7,31
1002651,2020-10-25_1J7,10
1042977,2020-10-26_1J7,158
1083352,2020-10-27_1J7,154
1123642,2020-10-28_1J7,142
1161395,2020-10-29_1J7,149
1198274,2020-10-30_1J7,66
1225258,2020-10-31_1J7,15
35644,2020-11-01_1J7,25
76201,2020-11-02_1J7,99
116691,2020-11-03_1J7,99
157206,2020-11-04_1J7,79
197782,2020-11-05_1J7,76
238352,2020-11-06_1J7,63
278849,2020-11-07_1J7,10
359546,2020-11-09_1J7,88
400084,2020-11-10_1J7,84
440600,2020-11-11_1J7,10
481065,2020-11-12_1J7,73
521546,2020-11-13_1J7,62
562044,2020-11-14_1J7,15
602525,2020-11-15_1J7,10
643004,2020-11-16_1J7,93
683398,2020-11-17_1J7,98
723713,2020-11-18_1J7,77
764080,2020-11-19_1J7,94
804526,2020-11-20_1J7,72
844848,2020-11-21_1J7,15
885098,2020-11-22_1J7,20
925368,2020-11-23_1J7,86
965692,2020-11-24_1J7,94
1006044,2020-11-25_1J7,82
1046390,2020-11-26_1J7,85
1086767,2020-11-27_1J7,74
1127063,2020-11-28_1J7,29
1164756,2020-11-29_1J7,12
1201639,2020-11-30_1J7,92
39024,2020-12-01_1J7,67
79611,2020-12-02_1J7,48
120102,2020-12-03_1J7,47
160618,2020-12-04_1J7,49
201106,2020-12-05_1J7,10
241668,2020-12-06_1J7,15
282083,2020-12-07_1J7,69
322416,2020-12-08_1J7,79
362858,2020-12-09_1J7,62
403434,2020-12-10_1J7,67
443937,2020-12-11_1J7,65
484412,2020-12-12_1J7,15
524889,2020-12-13_1J7,12
565360,2020-12-14_1J7,65
605805,2020-12-15_1J7,102
646335,2020-12-16_1J7,96
686706,2020-12-17_1J7,105
727067,2020-12-18_1J7,76
767451,2020-12-19_1J7,20
807888,2020-12-20_1J7,18
848185,2020-12-21_1J7,102
888408,2020-12-22_1J7,84
928732,2020-12-23_1J7,78
969047,2020-12-24_1J7,45
1009357,2020-12-25_1J7,16
1049728,2020-12-26_1J7,35
1090086,2020-12-27_1J7,21
1130370,2020-12-28_1J7,77
1168050,2020-12-29_1J7,80
1205002,2020-12-30_1J7,60
1228592,2020-12-31_1J7,48
2482,2021-01-01_1J7,24
42831,2021-01-02_1J7,31
83420,2021-01-03_1J7,18
123903,2021-01-04_1J7,123
164420,2021-01-05_1J7,115
204923,2021-01-06_1J7,114
245482,2021-01-07_1J7,129
285915,2021-01-08_1J7,97
326245,2021-01-09_1J7,28
366688,2021-01-10_1J7,16
407207,2021-01-11_1J7,135
447724,2021-01-12_1J7,141
488240,2021-01-13_1J7,131
528716,2021-01-14_1J7,134
569195,2021-01-15_1J7,104
609643,2021-01-16_1J7,27
650170,2021-01-17_1J7,27
690536,2021-01-18_1J7,146
730890,2021-01-19_1J7,139
771283,2021-01-20_1J7,131
811721,2021-01-21_1J7,116
852022,2021-01-22_1J7,103
892247,2021-01-23_1J7,34
932558,2021-01-24_1J7,37
972875,2021-01-25_1J7,130
1013184,2021-01-26_1J7,124
1053565,2021-01-27_1J7,114
1093917,2021-01-28_1J7,133
1134203,2021-01-29_1J7,103
1171883,2021-01-30_1J7,22
1208836,2021-01-31_1J7,15
5871,2021-02-01_1J7,136
46228,2021-02-02_1J7,150
86813,2021-02-03_1J7,112
127298,2021-02-04_1J7,125
167823,2021-02-05_1J7,99
208325,2021-02-06_1J7,32
248875,2021-02-07_1J7,18
289301,2021-02-08_1J7,128
329641,2021-02-09_1J7,131
370083,2021-02-10_1J7,77
410602,2021-02-11_1J7,117
451130,2021-02-12_1J7,93
491641,2021-02-13_1J7,18
532118,2021-02-14_1J7,18
572586,2021-02-15_1J7,116
613031,2021-02-16_1J7,125
653557,2021-02-17_1J7,93
693928,2021-02-18_1J7,114
734291,2021-02-19_1J7,90
774684,2021-02-20_1J7,24
815116,2021-02-21_1J7,28
855414,2021-02-22_1J7,127
895636,2021-02-23_1J7,115
935941,2021-02-24_1J7,112
976263,2021-02-25_1J7,113
1016587,2021-02-26_1J7,98
1056964,2021-02-27_1J7,28
1097318,2021-02-28_1J7,25
9278,2021-03-01_1J7,126
49634,2021-03-02_1J7,127
90213,2021-03-03_1J7,101
130694,2021-03-04_1J7,120
171212,2021-03-05_1J7,96
211704,2021-03-06_1J7,37
252267,2021-03-07_1J7,25
292693,2021-03-08_1J7,130
333028,2021-03-09_1J7,145
373468,2021-03-10_1J7,153
413997,2021-03-11_1J7,134
454514,2021-03-12_1J7,92
495026,2021-03-13_1J7,26
535510,2021-03-14_1J7,10
575975,2021-03-15_1J7,134
616439,2021-03-16_1J7,143
656949,2021-03-17_1J7,130
697278,2021-03-18_1J7,120
737644,2021-03-19_1J7,102
778035,2021-03-20_1J7,15
818391,2021-03-21_1J7,27
858617,2021-03-22_1J7,118
898977,2021-03-23_1J7,121
939298,2021-03-24_1J7,96
979620,2021-03-25_1J7,114
1019937,2021-03-26_1J7,81
1060317,2021-03-27_1J7,24
1100649,2021-03-28_1J7,17
1138358,2021-03-29_1J7,118
1175220,2021-03-30_1J7,91
1212157,2021-03-31_1J7,104
12613,2021-04-01_1J7,109
52976,2021-04-02_1J7,112
93506,2021-04-03_1J7,10
174534,2021-04-05_1J7,23
215046,2021-04-06_1J7,96
255603,2021-04-07_1J7,91
295987,2021-04-08_1J7,97
336331,2021-04-09_1J7,87
376823,2021-04-10_1J7,18
417321,2021-04-11_1J7,20
457813,2021-04-12_1J7,111
498290,2021-04-13_1J7,103
538774,2021-04-14_1J7,98
579308,2021-04-15_1J7,112
619782,2021-04-16_1J7,75
660297,2021-04-17_1J7,15
700594,2021-04-18_1J7,25
740930,2021-04-19_1J7,96
781373,2021-04-20_1J7,105
821688,2021-04-21_1J7,98
861930,2021-04-22_1J7,41
902313,2021-04-23_1J7,59
942628,2021-04-24_1J7,20
982956,2021-04-25_1J7,15
1023247,2021-04-26_1J7,111
1063668,2021-04-27_1J7,108
1103966,2021-04-28_1J7,114
1141687,2021-04-29_1J7,105
1178581,2021-04-30_1J7,93
15928,2021-05-01_1J7,22
56315,2021-05-02_1J7,15
96803,2021-05-03_1J7,137
137322,2021-05-04_1J7,142
177884,2021-05-05_1J7,117
218422,2021-05-06_1J7,113
258972,2021-05-07_1J7,100
299315,2021-05-08_1J7,23
339666,2021-05-09_1J7,23
380178,2021-05-10_1J7,129
420717,2021-05-11_1J7,125
461217,2021-05-12_1J7,101
501667,2021-05-13_1J7,10
623177,2021-05-16_1J7,18
663688,2021-05-17_1J7,123
703980,2021-05-18_1J7,131
744317,2021-05-19_1J7,137
784768,2021-05-20_1J7,130
825077,2021-05-21_1J7,112
865332,2021-05-22_1J7,25
946015,2021-05-24_1J7,13
986365,2021-05-25_1J7,169
1026659,2021-05-26_1J7,131
1067067,2021-05-27_1J7,138
1107358,2021-05-28_1J7,122
1145086,2021-05-29_1J7,30
1181982,2021-05-30_1J7,38
1215555,2021-05-31_1J7,149
19307,2021-06-01_1J7,138
59669,2021-06-02_1J7,146
100168,2021-06-03_1J7,151
140679,2021-06-04_1J7,114
181254,2021-06-05_1J7,37
221825,2021-06-06_1J7,38
262349,2021-06-07_1J7,157
302683,2021-06-08_1J7,144
343038,2021-06-09_1J7,139
383573,2021-06-10_1J7,148
424105,2021-06-11_1J7,114
464601,2021-06-12_1J7,40
505051,2021-06-13_1J7,49
545533,2021-06-14_1J7,150
586095,2021-06-15_1J7,158
626562,2021-06-16_1J7,137
666992,2021-06-17_1J7,170
707282,2021-06-18_1J7,118
747625,2021-06-19_1J7,45
788072,2021-06-20_1J7,27
828369,2021-06-21_1J7,161
868613,2021-06-22_1J7,167
908886,2021-06-23_1J7,129
949215,2021-06-24_1J7,168
989578,2021-06-25_1J7,105
1029878,2021-06-26_1J7,45
1070262,2021-06-27_1J7,45
1110547,2021-06-28_1J7,160
1148288,2021-06-29_1J7,143
1185167,2021-06-30_1J7,144
22526,2021-07-01_1J7,146
63077,2021-07-02_1J7,110
103581,2021-07-03_1J7,28
144088,2021-07-04_1J7,46
184643,2021-07-05_1J7,134
225219,2021-07-06_1J7,154
265735,2021-07-07_1J7,144
306072,2021-07-08_1J7,170
346439,2021-07-09_1J7,113
386979,2021-07-10_1J7,45
427503,2021-07-11_1J7,35
467973,2021-07-12_1J7,133
508436,2021-07-13_1J7,145
548916,2021-07-14_1J7,39
589451,2021-07-15_1J7,124
629898,2021-07-16_1J7,99
670327,2021-07-17_1J7,54
710636,2021-07-18_1J7,29
750968,2021-07-19_1J7,151
791415,2021-07-20_1J7,179
831708,2021-07-21_1J7,143
871953,2021-07-22_1J7,153
912217,2021-07-23_1J7,90
952553,2021-07-24_1J7,38
992908,2021-07-25_1J7,40
1033208,2021-07-26_1J7,118
1073591,2021-07-27_1J7,129
1113883,2021-07-28_1J7,123
1151622,2021-07-29_1J7,134
1188503,2021-07-30_1J7,93
1218896,2021-07-31_1J7,34
25870,2021-08-01_1J7,31
66408,2021-08-02_1J7,109
106907,2021-08-03_1J7,130
147420,2021-08-04_1J7,114
187986,2021-08-05_1J7,113
228564,2021-08-06_1J7,103
269077,2021-08-07_1J7,37
309422,2021-08-08_1J7,29
349777,2021-08-09_1J7,110
390317,2021-08-10_1J7,118
430831,2021-08-11_1J7,99
471305,2021-08-12_1J7,118
511774,2021-08-13_1J7,84
552262,2021-08-14_1J7,41
592759,2021-08-15_1J7,36
633202,2021-08-16_1J7,121
673630,2021-08-17_1J7,132
713944,2021-08-18_1J7,100
754305,2021-08-19_1J7,160
794740,2021-08-20_1J7,101
835048,2021-08-21_1J7,35
875286,2021-08-22_1J7,33
915560,2021-08-23_1J7,122
955890,2021-08-24_1J7,129
996245,2021-08-25_1J7,106
1036565,2021-08-26_1J7,135
1076953,2021-08-27_1J7,87
1117262,2021-08-28_1J7,44
1154991,2021-08-29_1J7,38
1191869,2021-08-30_1J7,127
1222266,2021-08-31_1J7,151
29244,2021-09-01_1J7,163
69786,2021-09-02_1J7,149
110296,2021-09-03_1J7,135
150800,2021-09-04_1J7,52
191364,2021-09-05_1J7,34
231934,2021-09-06_1J7,178
272441,2021-09-07_1J7,224
312792,2021-09-08_1J7,181
353142,2021-09-09_1J7,209
393690,2021-09-10_1J7,168
434213,2021-09-11_1J7,56
474666,2021-09-12_1J7,40
515135,2021-09-13_1J7,214
555621,2021-09-14_1J7,240
596120,2021-09-15_1J7,193
636588,2021-09-16_1J7,198
677014,2021-09-17_1J7,165
717345,2021-09-18_1J7,51
757697,2021-09-19_1J7,55
798128,2021-09-20_1J7,212
838449,2021-09-21_1J7,236
878689,2021-09-22_1J7,195
918971,2021-09-23_1J7,226
959314,2021-09-24_1J7,195
999668,2021-09-25_1J7,66
1039989,2021-09-26_1J7,61
1080369,2021-09-27_1J7,215
1120683,2021-09-28_1J7,232
1158405,2021-09-29_1J7,221
1195283,2021-09-30_1J7,214
32664,2021-10-01_1J7,166
73213,2021-10-02_1J7,58
113713,2021-10-03_1J7,27
154208,2021-10-04_1J7,203
194783,2021-10-05_1J7,201
235353,2021-10-06_1J7,198
275854,2021-10-07_1J7,210
316218,2021-10-08_1J7,169
356561,2021-10-09_1J7,57
397104,2021-10-10_1J7,29
437610,2021-10-11_1J7,237
478082,2021-10-12_1J7,231
518553,2021-10-13_1J7,201
559047,2021-10-14_1J7,217
599529,2021-10-15_1J7,163
640009,2021-10-16_1J7,47
680423,2021-10-17_1J7,30
720734,2021-10-18_1J7,190
761093,2021-10-19_1J7,222
801531,2021-10-20_1J7,195
841853,2021-10-21_1J7,130
882104,2021-10-22_1J7,153
922379,2021-10-23_1J7,44
962711,2021-10-24_1J7,40
1003059,2021-10-25_1J7,183
1043398,2021-10-26_1J7,203
1083772,2021-10-27_1J7,164
1124063,2021-10-28_1J7,186
1161816,2021-10-29_1J7,147
1198695,2021-10-30_1J7,67
1225664,2021-10-31_1J7,36
36038,2021-11-01_1J7,29
76622,2021-11-02_1J7,177
117109,2021-11-03_1J7,173
157624,2021-11-04_1J7,179
198200,2021-11-05_1J7,146
238770,2021-11-06_1J7,56
279253,2021-11-07_1J7,48
319607,2021-11-08_1J7,203
359963,2021-11-09_1J7,230
400501,2021-11-10_1J7,192
441012,2021-11-11_1J7,18
562450,2021-11-14_1J7,25
602918,2021-11-15_1J7,200
643420,2021-11-16_1J7,212
683814,2021-11-17_1J7,152
724129,2021-11-18_1J7,182
764496,2021-11-19_1J7,152
804943,2021-11-20_1J7,18
845255,2021-11-21_1J7,15
885497,2021-11-22_1J7,205
925785,2021-11-23_1J7,160
966109,2021-11-24_1J7,173
1006460,2021-11-25_1J7,182
1046805,2021-11-26_1J7,163
1087182,2021-11-27_1J7,45
1127465,2021-11-28_1J7,29
1165143,2021-11-29_1J7,191
1202055,2021-11-30_1J7,172
39440,2021-12-01_1J7,176
80028,2021-12-02_1J7,182
120518,2021-12-03_1J7,160
161031,2021-12-04_1J7,43
201504,2021-12-05_1J7,15
242063,2021-12-06_1J7,197
282497,2021-12-07_1J7,195
322830,2021-12-08_1J7,166
363271,2021-12-09_1J7,173
403846,2021-12-10_1J7,174
444350,2021-12-11_1J7,47
484823,2021-12-12_1J7,25
525297,2021-12-13_1J7,174
565773,2021-12-14_1J7,192
606218,2021-12-15_1J7,170
646748,2021-12-16_1J7,176
687119,2021-12-17_1J7,146
727479,2021-12-18_1J7,40
767861,2021-12-19_1J7,28
808297,2021-12-20_1J7,154
848594,2021-12-21_1J7,158
888821,2021-12-22_1J7,138
929146,2021-12-23_1J7,103
969463,2021-12-24_1J7,15
1009769,2021-12-25_1J7,10
1050141,2021-12-26_1J7,5
1090497,2021-12-27_1J7,28
1130783,2021-12-28_1J7,29
1168464,2021-12-29_1J7,32
1205417,2021-12-30_1J7,26
1229006,2021-12-31_1J7,58
2894,2022-01-01_1J7,26
43245,2022-01-02_1J7,28
83832,2022-01-03_1J7,159
124319,2022-01-04_1J7,144
164836,2022-01-05_1J7,117
205339,2022-01-06_1J7,137
245898,2022-01-07_1J7,111
286331,2022-01-08_1J7,47
326660,2022-01-09_1J7,36
367103,2022-01-10_1J7,148
407625,2022-01-11_1J7,166
448144,2022-01-12_1J7,147
488659,2022-01-13_1J7,145
529135,2022-01-14_1J7,119
569614,2022-01-15_1J7,53
610059,2022-01-16_1J7,27
650586,2022-01-17_1J7,174
690954,2022-01-18_1J7,164
731308,2022-01-19_1J7,145
771702,2022-01-20_1J7,142
812141,2022-01-21_1J7,129
852442,2022-01-22_1J7,46
892661,2022-01-23_1J7,23
932969,2022-01-24_1J7,150
973295,2022-01-25_1J7,179
1013604,2022-01-26_1J7,151
1053984,2022-01-27_1J7,139
1094337,2022-01-28_1J7,126
1134623,2022-01-29_1J7,29
1172292,2022-01-30_1J7,26
1209244,2022-01-31_1J7,174
6291,2022-02-01_1J7,166
46648,2022-02-02_1J7,139
87233,2022-02-03_1J7,176
127718,2022-02-04_1J7,138
168243,2022-02-05_1J7,45
208735,2022-02-06_1J7,40
249289,2022-02-07_1J7,189
289720,2022-02-08_1J7,210
330060,2022-02-09_1J7,182
370501,2022-02-10_1J7,174
411022,2022-02-11_1J7,139
451551,2022-02-12_1J7,45
492060,2022-02-13_1J7,24
532533,2022-02-14_1J7,167
573007,2022-02-15_1J7,207
613452,2022-02-16_1J7,177
653978,2022-02-17_1J7,181
694350,2022-02-18_1J7,99
734713,2022-02-19_1J7,54
775102,2022-02-20_1J7,41
815529,2022-02-21_1J7,179
855837,2022-02-22_1J7,202
896059,2022-02-23_1J7,167
936365,2022-02-24_1J7,148
976687,2022-02-25_1J7,148
1017010,2022-02-26_1J7,54
1057385,2022-02-27_1J7,41
1097738,2022-02-28_1J7,193
9701,2022-03-01_1J7,170
50057,2022-03-02_1J7,160
90636,2022-03-03_1J7,180
131117,2022-03-04_1J7,153
171635,2022-03-05_1J7,65
212120,2022-03-06_1J7,48
252682,2022-03-07_1J7,188
293116,2022-03-08_1J7,199
333451,2022-03-09_1J7,193
373891,2022-03-10_1J7,195
414420,2022-03-11_1J7,164
454935,2022-03-12_1J7,55
495435,2022-03-13_1J7,43
535908,2022-03-14_1J7,181
576396,2022-03-15_1J7,194
616859,2022-03-16_1J7,184
657368,2022-03-17_1J7,175
697701,2022-03-18_1J7,130
738067,2022-03-19_1J7,48
778449,2022-03-20_1J7,47
818803,2022-03-21_1J7,192
859041,2022-03-22_1J7,209
899401,2022-03-23_1J7,173
939722,2022-03-24_1J7,191
980044,2022-03-25_1J7,139
1020360,2022-03-26_1J7,61
1060740,2022-03-27_1J7,53
1101066,2022-03-28_1J7,211
1138782,2022-03-29_1J7,215
1175644,2022-03-30_1J7,194
1212579,2022-03-31_1J7,187
13036,2022-04-01_1J7,146
53399,2022-04-02_1J7,41
93926,2022-04-03_1J7,49
134388,2022-04-04_1J7,199
174955,2022-04-05_1J7,202
215471,2022-04-06_1J7,176
256026,2022-04-07_1J7,198
296411,2022-04-08_1J7,168
336756,2022-04-09_1J7,43
377246,2022-04-10_1J7,57
417738,2022-04-11_1J7,194
458238,2022-04-12_1J7,179
498714,2022-04-13_1J7,157
539196,2022-04-14_1J7,160
579729,2022-04-15_1J7,139
620202,2022-04-16_1J7,24
701012,2022-04-18_1J7,40
741353,2022-04-19_1J7,194
781794,2022-04-20_1J7,183
822109,2022-04-21_1J7,187
862349,2022-04-22_1J7,157
902735,2022-04-23_1J7,47
943047,2022-04-24_1J7,37
983376,2022-04-25_1J7,175
1023669,2022-04-26_1J7,204
1064089,2022-04-27_1J7,165
1104386,2022-04-28_1J7,182
1142107,2022-04-29_1J7,126
1179000,2022-04-30_1J7,57
16342,2022-05-01_1J7,20
56731,2022-05-02_1J7,170
97222,2022-05-03_1J7,187
137740,2022-05-04_1J7,166
178304,2022-05-05_1J7,182
218842,2022-05-06_1J7,133
259393,2022-05-07_1J7,53
299727,2022-05-08_1J7,31
340069,2022-05-09_1J7,226
380600,2022-05-10_1J7,205
421138,2022-05-11_1J7,179
461639,2022-05-12_1J7,194
502084,2022-05-13_1J7,176
542566,2022-05-14_1J7,58
583121,2022-05-15_1J7,33
623589,2022-05-16_1J7,217
664112,2022-05-17_1J7,69
704402,2022-05-18_1J7,124
744740,2022-05-19_1J7,197
785191,2022-05-20_1J7,169
825500,2022-05-21_1J7,52
865750,2022-05-22_1J7,43
906107,2022-05-23_1J7,199
946433,2022-05-24_1J7,185
986788,2022-05-25_1J7,165
1027082,2022-05-26_1J7,15
1145498,2022-05-29_1J7,26
1182388,2022-05-30_1J7,168
1215978,2022-05-31_1J7,153
19731,2022-06-01_1J7,193
60092,2022-06-02_1J7,217
100592,2022-06-03_1J7,159
141103,2022-06-04_1J7,17
222234,2022-06-06_1J7,30
262768,2022-06-07_1J7,230
303103,2022-06-08_1J7,188
343461,2022-06-09_1J7,190
383996,2022-06-10_1J7,163
424529,2022-06-11_1J7,71
465011,2022-06-12_1J7,64
505462,2022-06-13_1J7,204
545957,2022-06-14_1J7,222
586519,2022-06-15_1J7,205
626985,2022-06-16_1J7,204
667415,2022-06-17_1J7,179
707707,2022-06-18_1J7,53
748045,2022-06-19_1J7,61
788492,2022-06-20_1J7,182
828790,2022-06-21_1J7,221
869035,2022-06-22_1J7,196
909307,2022-06-23_1J7,138
949637,2022-06-24_1J7,44
990000,2022-06-25_1J7,10
1030298,2022-06-26_1J7,22
1070680,2022-06-27_1J7,47
1110970,2022-06-28_1J7,58
1148710,2022-06-29_1J7,48
1185588,2022-06-30_1J7,47
22946,2022-07-01_1J7,36
63497,2022-07-02_1J7,49
103994,2022-07-03_1J7,57
144498,2022-07-04_1J7,189
185062,2022-07-05_1J7,194
225638,2022-07-06_1J7,117
266155,2022-07-07_1J7,165
306493,2022-07-08_1J7,123
346858,2022-07-09_1J7,43
387394,2022-07-10_1J7,42
427916,2022-07-11_1J7,183
468392,2022-07-12_1J7,190
508856,2022-07-13_1J7,159
549333,2022-07-14_1J7,49
589861,2022-07-15_1J7,108
630294,2022-07-16_1J7,56
670723,2022-07-17_1J7,58
711028,2022-07-18_1J7,152
751372,2022-07-19_1J7,159
791812,2022-07-20_1J7,164
832106,2022-07-21_1J7,157
872354,2022-07-22_1J7,141
912610,2022-07-23_1J7,48
952942,2022-07-24_1J7,41
993296,2022-07-25_1J7,169
1033606,2022-07-26_1J7,168
1073987,2022-07-27_1J7,153
1114284,2022-07-28_1J7,136
1152024,2022-07-29_1J7,116
1188904,2022-07-30_1J7,36
1219292,2022-07-31_1J7,51
26266,2022-08-01_1J7,143
66810,2022-08-02_1J7,154
107309,2022-08-03_1J7,124
147814,2022-08-04_1J7,139
188384,2022-08-05_1J7,118
228962,2022-08-06_1J7,45
269469,2022-08-07_1J7,46
309814,2022-08-08_1J7,146
350176,2022-08-09_1J7,125
390714,2022-08-10_1J7,129
431236,2022-08-11_1J7,135
471701,2022-08-12_1J7,113
512174,2022-08-13_1J7,28
552654,2022-08-14_1J7,36
593151,2022-08-15_1J7,45
633603,2022-08-16_1J7,147
674031,2022-08-17_1J7,144
714354,2022-08-18_1J7,127
754713,2022-08-19_1J7,114
795152,2022-08-20_1J7,38
835457,2022-08-21_1J7,42
875709,2022-08-22_1J7,140
915985,2022-08-23_1J7,169
956315,2022-08-24_1J7,149
996668,2022-08-25_1J7,142
1036989,2022-08-26_1J7,121
1077376,2022-08-27_1J7,37
1117684,2022-08-28_1J7,53
1155412,2022-08-29_1J7,157
1192293,2022-08-30_1J7,167
1222690,2022-08-31_1J7,169
29668,2022-09-01_1J7,162
70212,2022-09-02_1J7,146
110722,2022-09-03_1J7,48
151216,2022-09-04_1J7,62
191781,2022-09-05_1J7,197
232359,2022-09-06_1J7,213
272867,2022-09-07_1J7,189
313218,2022-09-08_1J7,193
353567,2022-09-09_1J7,160
394116,2022-09-10_1J7,58
434626,2022-09-11_1J7,29
475079,2022-09-12_1J7,198
515560,2022-09-13_1J7,204
556045,2022-09-14_1J7,180
596545,2022-09-15_1J7,178
637012,2022-09-16_1J7,166
677438,2022-09-17_1J7,56
717753,2022-09-18_1J7,40
758101,2022-09-19_1J7,205
798551,2022-09-20_1J7,222
838872,2022-09-21_1J7,189
879113,2022-09-22_1J7,206
919393,2022-09-23_1J7,85
959737,2022-09-24_1J7,52
1000086,2022-09-25_1J7,36
1040407,2022-09-26_1J7,229
1080792,2022-09-27_1J7,224
1121105,2022-09-28_1J7,184
1158827,2022-09-29_1J7,145
1195706,2022-09-30_1J7,155
33088,2022-10-01_1J7,39
73635,2022-10-02_1J7,45
114133,2022-10-03_1J7,219
154632,2022-10-04_1J7,233
195207,2022-10-05_1J7,195
235776,2022-10-06_1J7,223
276277,2022-10-07_1J7,172
316641,2022-10-08_1J7,49
356978,2022-10-09_1J7,53
397522,2022-10-10_1J7,215
438032,2022-10-11_1J7,236
478504,2022-10-12_1J7,196
518976,2022-10-13_1J7,211
559469,2022-10-14_1J7,171
599951,2022-10-15_1J7,51
640430,2022-10-16_1J7,63
680837,2022-10-17_1J7,225
721156,2022-10-18_1J7,118
761515,2022-10-19_1J7,208
801953,2022-10-20_1J7,223
842276,2022-10-21_1J7,97
882527,2022-10-22_1J7,62
922798,2022-10-23_1J7,40
963125,2022-10-24_1J7,221
1003482,2022-10-25_1J7,237
1043820,2022-10-26_1J7,223
1084195,2022-10-27_1J7,204
1124486,2022-10-28_1J7,145
1162239,2022-10-29_1J7,59
1199113,2022-10-30_1J7,37
1226081,2022-10-31_1J7,129
36460,2022-11-01_1J7,39
77044,2022-11-02_1J7,186
117531,2022-11-03_1J7,174
158046,2022-11-04_1J7,143
198622,2022-11-05_1J7,51
239187,2022-11-06_1J7,40
279669,2022-11-07_1J7,217
320029,2022-11-08_1J7,232
360385,2022-11-09_1J7,208
400924,2022-11-10_1J7,81
441431,2022-11-11_1J7,17
522378,2022-11-13_1J7,27
562871,2022-11-14_1J7,216
603342,2022-11-15_1J7,226
643844,2022-11-16_1J7,200
684238,2022-11-17_1J7,187
724553,2022-11-18_1J7,151
764920,2022-11-19_1J7,43
805363,2022-11-20_1J7,39
845674,2022-11-21_1J7,212
885921,2022-11-22_1J7,230
926209,2022-11-23_1J7,185
966533,2022-11-24_1J7,202
1006886,2022-11-25_1J7,173
1047231,2022-11-26_1J7,26
1087601,2022-11-27_1J7,17
1127883,2022-11-28_1J7,221
1165569,2022-11-29_1J7,227
1202480,2022-11-30_1J7,187
39864,2022-12-01_1J7,202
80453,2022-12-02_1J7,170
120944,2022-12-03_1J7,56
161454,2022-12-04_1J7,44
201925,2022-12-05_1J7,177
242488,2022-12-06_1J7,217
282922,2022-12-07_1J7,188
323255,2022-12-08_1J7,192
363696,2022-12-09_1J7,148
404271,2022-12-10_1J7,46
444771,2022-12-11_1J7,28
485243,2022-12-12_1J7,142
525722,2022-12-13_1J7,216
566198,2022-12-14_1J7,10
606643,2022-12-15_1J7,191
647174,2022-12-16_1J7,182
687543,2022-12-17_1J7,42
727905,2022-12-18_1J7,15
768286,2022-12-19_1J7,179
808723,2022-12-20_1J7,202
849020,2022-12-21_1J7,155
889245,2022-12-22_1J7,147
929570,2022-12-23_1J7,104
969886,2022-12-24_1J7,38
1010190,2022-12-25_1J7,37
1050565,2022-12-26_1J7,119
1090921,2022-12-27_1J7,135
1131207,2022-12-28_1J7,130
1168887,2022-12-29_1J7,131
1205839,2022-12-30_1J7,111
1229427,2022-12-31_1J7,40
